FirstName,MiddleName,LastName,Email,DOB,aadhar,pan,FullName
Shawna,Rosario,Buck,shawna.buck@gmail.com,12-12-1971,8.17E+12,RGODF0528D,Shawna Rosario Buck
Nathaniel,Derrick,Burke,nathaniel.burke@walmart.com,10-31-1993,5.30E+12,DOHME4358R,Nathaniel Derrick Burke
Elisabeth,Irwin,Foster,elisabeth.foster@gmail.com,11-26-1994,9.06E+12,FMHDO3665P,Elisabeth Irwin Foster
Briana,Jeffrey,Lancaster,briana.lancaster@yahoo.com,11-24-1975,1.46E+12,PSVJM4810G,Briana Jeffrey Lancaster
Estella,Booker,Potter,estella.potter@gmail.com,3-13-1995,3.97E+12,GPLJH3416J,Estella Booker Potter
Lamont,Ignacio,Woods,lamont.woods@hotmail.com,10-13-1991,8.86E+12,AKJCR2152K,Lamont Ignacio Woods
Melinda,Leroy,Lopez,melinda.lopez@hotmail.com,9-15-1984,2.97E+12,LZJEW5584H,Melinda Leroy Lopez
Shanna,Eliseo,Silva,shanna.silva@gmail.com,6-19-1958,1.16E+12,XITTC5971O,Shanna Eliseo Silva
Jasmine,Hans,Freeman,jasmine.freeman@gmail.com,8-31-1961,9.34E+12,DQIJL9790K,Jasmine Hans Freeman
Madge,Luke,Sargent,madge.sargent@aol.com,10-02-1981,4.11E+12,YYHQT1382D,Madge Luke Sargent
Bethany,Eddie,Cline,bethany.cline@yahoo.ca,10-01-1986,3.98E+12,IFGUA9230N,Bethany Eddie Cline
Reid,Grover,Randolph,reid.randolph@gmail.com,1-20-1989,8.31E+12,SMAKY2686S,Reid Grover Randolph
Antoine,Frances,Wiley,antoine.wiley@verizon.net,2-22-1996,7.17E+12,DCWEH5027K,Antoine Frances Wiley
Mathew,Prince,Hodge,mathew.hodge@hotmail.com,07-05-1995,6.03E+12,GCCBV1328F,Mathew Prince Hodge
Bernardo,Lowell,Austin,bernardo.austin@hotmail.com,02-02-1975,7.56E+12,BZPDF6322J,Bernardo Lowell Austin
Cole,Terence,Jensen,cole.jensen@aol.com,02-10-1990,7.78E+12,OGMDO7365J,Cole Terence Jensen
Tonia,Johnathan,Burns,tonia.burns@gmail.com,4-19-1985,1.09E+12,WZFOI3314D,Tonia Johnathan Burns
Tod,Gail,Holcomb,tod.holcomb@outlook.com,6-21-1987,6.92E+12,GZNUY5476C,Tod Gail Holcomb
Yesenia,Alfred,Guerrero,yesenia.guerrero@btinternet.com,3-29-1968,5.82E+12,MOKUF2350F,Yesenia Alfred Guerrero
Carey,Robby,Ferrell,carey.ferrell@yahoo.com,5-22-1972,4.01E+12,MAUHM5844O,Carey Robby Ferrell
Aileen,Kurt,Blanchard,aileen.blanchard@gmail.com,12-05-1986,9.89E+12,CRJVH2777X,Aileen Kurt Blanchard
Marta,Fletcher,Cervantes,marta.cervantes@gmail.com,2-17-1971,5.15E+12,HDFSJ1013A,Marta Fletcher Cervantes
Arthur,Reggie,Holloway,arthur.holloway@aol.com,9-21-1970,6.16E+12,FVGNU9551S,Arthur Reggie Holloway
Tara,Davis,Forbes,tara.forbes@gmail.com,6-26-1976,4.81E+12,LWOCJ6522M,Tara Davis Forbes
Josef,Dee,Griffin,josef.griffin@yahoo.com,8-14-1976,5.12E+12,VYOAJ5622C,Josef Dee Griffin
Keri,Tyler,Slater,keri.slater@apple.com,08-03-1960,8.52E+12,HEPDI2042T,Keri Tyler Slater
Desmond,Louis,Wynn,desmond.wynn@hotmail.com,07-09-1992,4.54E+12,PXUDJ5224N,Desmond Louis Wynn
Adrienne,Fletcher,Puckett,adrienne.puckett@verizon.net,5-22-1975,7.26E+12,RMUSO7721I,Adrienne Fletcher Puckett
Beatriz,Jackson,Knowles,beatriz.knowles@gmail.com,2-25-1984,4.04E+12,DJMYR1348I,Beatriz Jackson Knowles
Jermaine,Garth,Sykes,jermaine.sykes@apple.com,1-18-1990,3.97E+12,NUYQR5818S,Jermaine Garth Sykes
Scott,Chase,Best,scott.best@cox.net,8-24-1990,3.43E+12,SDDJO9628R,Scott Chase Best
Isabel,Kennith,Espinoza,isabel.espinoza@gmail.com,12-09-1971,2.07E+12,JPQWO1838M,Isabel Kennith Espinoza
Marcelino,Alexander,Kinney,marcelino.kinney@gmail.com,1-26-1996,2.70E+12,HKZXS6735J,Marcelino Alexander Kinney
Benjamin,Wilfredo,Jennings,benjamin.jennings@gmail.com,5-21-1977,8.55E+12,JXXYQ0922A,Benjamin Wilfredo Jennings
Marcia,Lynn,Casey,marcia.casey@gmail.com,7-24-1966,2.27E+12,LHPRT9285N,Marcia Lynn Casey
Rudolph,Shelton,Gordon,rudolph.gordon@aol.com,4-28-1979,3.94E+12,XVTWD4158N,Rudolph Shelton Gordon
Beverly,Jerrod,Rosales,beverly.rosales@yahoo.com,03-04-1975,3.83E+12,VMCZE3691G,Beverly Jerrod Rosales
Marcus,Ernie,Bolton,marcus.bolton@aol.com,07-05-1977,6.23E+12,MPYNG9262Q,Marcus Ernie Bolton
Priscilla,Will,Mays,priscilla.mays@gmail.com,09-04-1985,1.88E+12,HBZRU3399E,Priscilla Will Mays
Lynn,Joshua,Pena,lynn.pena@yahoo.co.in,8-14-1962,4.94E+12,MLMAS1223J,Lynn Joshua Pena
Tessa,Edwin,Pace,tessa.pace@aol.com,12-07-1957,5.24E+12,LFOKB4049A,Tessa Edwin Pace
Rufus,Carmen,Guerra,rufus.guerra@rediffmail.com,12-25-1967,9.85E+12,PPVXA2067B,Rufus Carmen Guerra
Roman,Denny,Clark,roman.clark@aol.com,12-25-1962,7.32E+12,PJPAB8370D,Roman Denny Clark
Carmela,Emile,Jefferson,carmela.jefferson@walmart.com,3-17-1975,1.76E+12,GZCFU3429G,Carmela Emile Jefferson
Thurman,Tim,Good,thurman.good@yahoo.com,1-27-1996,5.59E+12,ZUBYH2043C,Thurman Tim Good
Lemuel,Silas,Guerrero,lemuel.guerrero@aol.com,06-07-1985,9.00E+12,TYPJT4524Z,Lemuel Silas Guerrero
Clint,Jimmy,Bridges,clint.bridges@aol.com,05-03-1994,1.51E+12,CJUZM2193Z,Clint Jimmy Bridges
Karyn,Joel,Christian,karyn.christian@aol.com,5-22-1983,4.74E+12,WOGTD5777U,Karyn Joel Christian
Lesa,Angelo,Hughes,lesa.hughes@bp.com,2-13-1981,1.86E+12,NCARE3972M,Lesa Angelo Hughes
Rich,Dario,Bates,rich.bates@apple.com,2-28-1989,8.73E+12,MWXRI0161E,Rich Dario Bates
Liz,Jules,Frank,liz.frank@hotmail.com,3-15-1986,8.10E+12,QJGNL5954E,Liz Jules Frank
Kendra,Abraham,Villarreal,kendra.villarreal@gmail.com,10-22-1963,6.66E+12,SOMRA1462T,Kendra Abraham Villarreal
Maryellen,Terrell,Mcfadden,maryellen.mcfadden@hotmail.co.uk,10-03-1975,1.03E+12,LWMCB5233A,Maryellen Terrell Mcfadden
German,Damien,Carney,german.carney@aol.com,7-21-1958,5.65E+12,BAZNC0362V,German Damien Carney
Micheal,Jackson,Shannon,micheal.shannon@earthlink.net,12-08-1986,6.92E+12,JOOWW2482I,Micheal Jackson Shannon
Carlo,Sydney,Albert,carlo.albert@gmail.com,12-06-1961,2.71E+12,XWMKY3992S,Carlo Sydney Albert
Bianca,Elvis,Langley,bianca.langley@gmail.com,06-03-1960,5.78E+12,BAHEM5685G,Bianca Elvis Langley
Elias,Boyd,Cabrera,elias.cabrera@yahoo.com,7-13-1990,6.71E+12,QRBZC2833M,Elias Boyd Cabrera
Alberta,Bradley,Chapman,alberta.chapman@comcast.net,06-05-1972,4.89E+12,OPVER5403D,Alberta Bradley Chapman
Erin,Nick,Olsen,erin.olsen@yahoo.ca,08-08-1994,6.30E+12,GJRDX1052B,Erin Nick Olsen
Frederic,Jeremy,Stephenson,frederic.stephenson@gmail.com,10-15-1969,9.89E+12,BDWEJ0525Q,Frederic Jeremy Stephenson
Tanner,Harlan,Caldwell,tanner.caldwell@aol.com,04-08-1968,3.21E+12,LNBWQ4812M,Tanner Harlan Caldwell
Clarence,Chase,Powers,clarence.powers@gmail.com,07-05-1982,6.62E+12,BWYLF7560S,Clarence Chase Powers
German,Lamar,Sheppard,german.sheppard@gmail.com,7-29-1991,5.72E+12,FSUIW2358X,German Lamar Sheppard
Dion,Tim,Duffy,dion.duffy@aol.com,04-06-1995,2.15E+12,MDUHZ6434Q,Dion Tim Duffy
Cornelius,Thomas,Townsend,cornelius.townsend@charter.net,06-02-1970,8.11E+12,VFWMM2547G,Cornelius Thomas Townsend
Patsy,Wilfredo,Koch,patsy.koch@gmail.com,7-15-1984,3.17E+12,OJTPY0641F,Patsy Wilfredo Koch
Waldo,Clarence,Shields,waldo.shields@aol.com,11-29-1970,8.00E+12,ISZWR5316E,Waldo Clarence Shields
Damien,Norman,Rose,damien.rose@gmail.com,7-15-1965,6.05E+12,YUMKQ4983Q,Damien Norman Rose
Curt,Reid,Bridges,curt.bridges@microsoft.com,10-22-1978,3.49E+12,RPVPX1805V,Curt Reid Bridges
Brenton,Billy,Matthews,brenton.matthews@bellsouth.net,11-06-1970,8.07E+12,SPTHR8865W,Brenton Billy Matthews
Miguel,Jaime,Finley,miguel.finley@gmail.com,07-06-1980,6.53E+12,QAOLS6919L,Miguel Jaime Finley
Esperanza,Alonzo,Paul,esperanza.paul@aol.com,12-10-1960,6.41E+12,GRMVF3260X,Esperanza Alonzo Paul
Patricia,Dalton,Briggs,patricia.briggs@yahoo.com,11-13-1975,6.84E+12,PHXDD6683B,Patricia Dalton Briggs
Forrest,Johnie,Noel,forrest.noel@hotmail.com,3-25-1978,2.41E+12,AGZTK4036R,Forrest Johnie Noel
Marjorie,Morton,Wells,marjorie.wells@bp.com,9-14-1961,1.69E+12,RBGMY0781U,Marjorie Morton Wells
Vivian,Stephen,Burnett,vivian.burnett@gmail.com,02-09-1960,1.38E+12,QEIFX9013A,Vivian Stephen Burnett
Duncan,Edmond,Chen,duncan.chen@yahoo.co.uk,2-17-1964,8.05E+12,ILTTD4631K,Duncan Edmond Chen
Miriam,Rob,Barrett,miriam.barrett@yahoo.ca,6-25-1990,3.81E+12,WVIMN2171Z,Miriam Rob Barrett
Adam,Harry,Kirby,adam.kirby@yahoo.ca,08-11-1963,5.11E+12,LCDXS9755P,Adam Harry Kirby
Benjamin,Roberto,Macdonald,benjamin.macdonald@gmail.com,5-16-1976,7.16E+12,ZYGSO5320M,Benjamin Roberto Macdonald
Neil,Boris,Murray,neil.murray@apple.com,9-17-1985,5.67E+12,QUVIU9769T,Neil Boris Murray
Nichole,Darrel,Oneil,nichole.oneil@shaw.ca,11-30-1957,7.67E+12,UPUBE6983J,Nichole Darrel Oneil
Jonathon,Mitch,Pearson,jonathon.pearson@yahoo.com,9-30-1967,9.34E+12,IRDTG3172T,Jonathon Mitch Pearson
Brent,Melvin,Bryant,brent.bryant@aol.com,05-09-1960,6.69E+12,OAYCW3992E,Brent Melvin Bryant
Carlene,Jess,Cain,carlene.cain@rediffmail.com,11-25-1985,2.65E+12,PWSAO0590I,Carlene Jess Cain
Arnulfo,Erik,Pittman,arnulfo.pittman@yahoo.ca,9-26-1972,4.33E+12,UHBEI0223N,Arnulfo Erik Pittman
Nickolas,Jarvis,Williams,nickolas.williams@gmail.com,6-23-1985,6.42E+12,BGZIU7576K,Nickolas Jarvis Williams
Raymundo,Kris,Kramer,raymundo.kramer@aol.com,4-29-1975,4.07E+12,ONCKT5300Q,Raymundo Kris Kramer
Jeremiah,Giovanni,Dotson,jeremiah.dotson@cox.net,7-16-1988,7.11E+12,MLJLU3091O,Jeremiah Giovanni Dotson
Tanner,Terence,Matthews,tanner.matthews@rediffmail.com,9-24-1976,2.49E+12,LQTPV5670T,Tanner Terence Matthews
Dorian,Abraham,Foster,dorian.foster@gmail.com,7-24-1960,9.97E+12,WTCED3916F,Dorian Abraham Foster
Nora,Fredric,Hansen,nora.hansen@yahoo.co.uk,11-13-1982,7.90E+12,LFHID3505T,Nora Fredric Hansen
Danial,Sydney,Watts,danial.watts@hotmail.com,8-15-1959,4.21E+12,KIDII8836F,Danial Sydney Watts
Nelson,Everett,Mcintosh,nelson.mcintosh@bp.com,8-17-1975,8.14E+12,PYIOY0312W,Nelson Everett Mcintosh
Manuel,Van,Fulton,manuel.fulton@gmail.com,7-16-1983,8.43E+12,SCUWG6581A,Manuel Van Fulton
Dominic,Edwin,Henson,dominic.henson@aol.com,04-08-1979,8.82E+12,RQMRL8100I,Dominic Edwin Henson
Lowell,Zachariah,Erickson,lowell.erickson@gmail.com,09-02-1982,5.52E+12,AFDGK9291Z,Lowell Zachariah Erickson
Jayne,Cyril,Coleman,jayne.coleman@yahoo.ca,8-18-1980,5.26E+12,BWAVI1757Q,Jayne Cyril Coleman
Cornell,Linwood,Daniel,cornell.daniel@yahoo.com,5-27-1960,6.69E+12,GWIZB5748W,Cornell Linwood Daniel
Doris,Howard,Glenn,doris.glenn@yahoo.co.uk,1-14-1976,6.76E+12,AYCZL1133K,Doris Howard Glenn
Tabatha,Darrell,Gonzales,tabatha.gonzales@sbcglobal.net,06-09-1966,2.63E+12,XRGDF8813R,Tabatha Darrell Gonzales
Jerome,Jarvis,Foreman,jerome.foreman@verizon.net,12-11-1988,7.59E+12,ETZXF2328S,Jerome Jarvis Foreman
Elton,Hung,Ferguson,elton.ferguson@ibm.com,11-30-1982,2.51E+12,QJNIB8697R,Elton Hung Ferguson
Stacy,Hal,Jennings,stacy.jennings@gmail.com,06-06-1980,2.52E+12,JHPXA7233L,Stacy Hal Jennings
Rory,Frederick,Fowler,rory.fowler@shaw.ca,03-06-1976,9.78E+12,YLKDK2915L,Rory Frederick Fowler
Greg,Alfonzo,Kane,greg.kane@bp.com,4-13-1964,8.91E+12,MELBI0890M,Greg Alfonzo Kane
Julian,Jeff,Russo,julian.russo@gmail.com,4-15-1958,1.54E+12,TWHVG5440W,Julian Jeff Russo
Agnes,Miguel,Herman,agnes.herman@gmail.com,12-12-1975,1.52E+12,QRFUH0595S,Agnes Miguel Herman
Nancy,Julio,Gillespie,nancy.gillespie@ibm.com,4-26-1980,1.45E+12,IXKPG9202B,Nancy Julio Gillespie
Tyrone,Danial,Soto,tyrone.soto@yahoo.com,04-07-1973,6.83E+12,RXFMJ7401Z,Tyrone Danial Soto
Bradley,Winston,Chan,bradley.chan@hotmail.com,6-30-1979,5.26E+12,FIFNS8801V,Bradley Winston Chan
Emile,Timothy,Love,emile.love@gmail.com,10-19-1980,4.59E+12,ECNEV4600I,Emile Timothy Love
Zachary,Kenton,Gregory,zachary.gregory@cox.net,11-14-1986,9.21E+12,MHMHI8985Y,Zachary Kenton Gregory
Tara,Warren,Gutierrez,tara.gutierrez@aol.com,1-29-1971,9.45E+12,YQZUM6702E,Tara Warren Gutierrez
Aubrey,Paul,Pugh,aubrey.pugh@gmail.com,12-13-1993,1.81E+12,FIHWR2997E,Aubrey Paul Pugh
Carroll,Erin,Sweeney,carroll.sweeney@walmart.com,6-13-1989,2.02E+12,OYGCQ9170U,Carroll Erin Sweeney
Claudette,Rodger,Solomon,claudette.solomon@yahoo.com,12-20-1984,9.81E+12,LIMXH5724N,Claudette Rodger Solomon
Ricky,Doug,Bowers,ricky.bowers@hotmail.com,11-05-1976,2.16E+12,IPQTC8733X,Ricky Doug Bowers
Brian,Darrel,Fitzpatrick,brian.fitzpatrick@gmail.com,11-30-1978,6.76E+12,YGEDC0535P,Brian Darrel Fitzpatrick
Nicholas,Rolland,Branch,nicholas.branch@gmail.com,02-04-1992,6.01E+12,FVKSJ5485L,Nicholas Rolland Branch
Eileen,Xavier,Hobbs,eileen.hobbs@gmail.com,05-10-1964,3.31E+12,NYZAH3696F,Eileen Xavier Hobbs
Colin,Benny,Wilson,colin.wilson@yahoo.com,3-14-1976,4.10E+12,ZGYVA3277T,Colin Benny Wilson
Rosario,Nolan,Trevino,rosario.trevino@hotmail.co.uk,12-20-1960,6.53E+12,TLGLP7132H,Rosario Nolan Trevino
Salvador,Zachariah,Gutierrez,salvador.gutierrez@hotmail.com,2-27-1994,6.62E+12,KERSF4460P,Salvador Zachariah Gutierrez
Aldo,Adolfo,Medina,aldo.medina@gmail.com,11-06-1973,1.80E+12,MKFML7978P,Aldo Adolfo Medina
Bret,Mickey,Blevins,bret.blevins@gmail.com,9-30-1979,9.65E+12,BXJVQ4412K,Bret Mickey Blevins
Dominic,Jesse,Mosley,dominic.mosley@gmail.com,7-19-1996,6.69E+12,PGFIR6031O,Dominic Jesse Mosley
Karina,Francis,Owens,karina.owens@gmail.com,10-30-1957,9.67E+12,WHCLO7624L,Karina Francis Owens
Marquis,Gil,Perkins,marquis.perkins@aol.com,11-30-1984,6.09E+12,HUSBR9626W,Marquis Gil Perkins
Damon,Grant,Solomon,damon.solomon@aol.com,7-31-1964,6.48E+12,SXUJE7428P,Damon Grant Solomon
Leonel,Roderick,Atkins,leonel.atkins@hotmail.com,07-11-1996,7.44E+12,BBTEP4353R,Leonel Roderick Atkins
Teddy,Garry,Merritt,teddy.merritt@msn.com,06-10-1977,5.01E+12,WELYL5023W,Teddy Garry Merritt
Alexandria,Gregorio,Long,alexandria.long@hotmail.com,2-15-1989,8.65E+12,SJWYO5808R,Alexandria Gregorio Long
Margaret,Elmer,Reilly,margaret.reilly@yahoo.com,10-05-1971,8.10E+12,ORMLG3741D,Margaret Elmer Reilly
Willis,Lazaro,Rose,willis.rose@gmail.com,7-27-1979,1.60E+12,RYPQC9848I,Willis Lazaro Rose
Donovan,Sebastian,Bowman,donovan.bowman@hotmail.com,03-03-1987,2.92E+12,SRTAS3794Q,Donovan Sebastian Bowman
Kristina,Brad,Mcgowan,kristina.mcgowan@gmail.com,8-29-1978,5.49E+12,IHDQT1102J,Kristina Brad Mcgowan
Garth,Willard,Clarke,garth.clarke@yahoo.com,11-11-1969,3.60E+12,QNVYA6639S,Garth Willard Clarke
Martin,Aubrey,Buchanan,martin.buchanan@charter.net,9-14-1974,7.61E+12,TCGYH2009O,Martin Aubrey Buchanan
Irwin,Rodney,Jenkins,irwin.jenkins@aol.com,5-20-1975,2.95E+12,ZTLJQ8135E,Irwin Rodney Jenkins
Reynaldo,Alec,Sosa,reynaldo.sosa@gmail.com,10-15-1965,2.25E+12,TLNFS9773X,Reynaldo Alec Sosa
Sherri,Dominic,Snyder,sherri.snyder@gmail.com,5-30-1991,3.53E+12,LXVFA7853P,Sherri Dominic Snyder
Johnny,Ashley,Dunlap,johnny.dunlap@gmail.com,11-02-1962,3.61E+12,EXQNB9934D,Johnny Ashley Dunlap
Earnest,Tod,Kirk,earnest.kirk@gmail.com,03-01-1965,1.55E+12,GPDSB0177H,Earnest Tod Kirk
Bernardo,Jarrett,Mcdowell,bernardo.mcdowell@gmail.com,5-28-1963,9.05E+12,JSDRW8059Q,Bernardo Jarrett Mcdowell
Yvette,Loren,Warner,yvette.warner@yahoo.com,6-17-1996,2.07E+12,GBKPT7712G,Yvette Loren Warner
Robby,Reuben,Jordan,robby.jordan@comcast.net,3-20-1974,2.87E+12,IDZTE2753C,Robby Reuben Jordan
Carolina,Earl,Coleman,carolina.coleman@aol.com,10-30-1994,1.51E+12,QSVZO2740T,Carolina Earl Coleman
Sonia,Scotty,Cook,sonia.cook@gmail.com,07-03-1965,4.16E+12,VGEMJ9546G,Sonia Scotty Cook
Larry,Hunter,Tran,larry.tran@gmail.com,01-12-1970,6.41E+12,PFVCA9453V,Larry Hunter Tran
Esmeralda,Oliver,Grant,esmeralda.grant@yahoo.com,12-19-1990,5.84E+12,IOQTT7295W,Esmeralda Oliver Grant
Candy,Russ,Singleton,candy.singleton@hotmail.com,6-29-1981,6.68E+12,GJTYZ4187Y,Candy Russ Singleton
Emma,Cameron,Obrien,emma.obrien@gmail.com,9-15-1966,1.95E+12,ELBVZ7413L,Emma Cameron Obrien
Scot,Ivan,Beach,scot.beach@sbcglobal.net,7-31-1980,4.62E+12,LQYKZ1548W,Scot Ivan Beach
Rolland,Daren,Mendoza,rolland.mendoza@yahoo.com,08-05-1966,8.46E+12,FSYFC0009D,Rolland Daren Mendoza
Tommie,Agustin,Sanchez,tommie.sanchez@gmail.com,06-06-1974,6.59E+12,HXFOH1992J,Tommie Agustin Sanchez
Jessie,Hollis,Cortez,jessie.cortez@exxonmobil.com,9-20-1981,8.78E+12,ZYMTZ2104V,Jessie Hollis Cortez
Isiah,Adrian,Guthrie,isiah.guthrie@bellsouth.net,8-19-1965,7.88E+12,MQYPS2100W,Isiah Adrian Guthrie
Janelle,Santos,Gill,janelle.gill@gmail.com,5-27-1962,3.68E+12,RNGMC5429D,Janelle Santos Gill
Christoper,Mathew,Haynes,christoper.haynes@yahoo.com,09-01-1979,3.19E+12,NMIQX6166M,Christoper Mathew Haynes
Kathie,Dwayne,Kirby,kathie.kirby@sbcglobal.net,11-22-1986,7.35E+12,DPFYI6120I,Kathie Dwayne Kirby
Antonia,Hans,Kinney,antonia.kinney@gmail.com,02-09-1985,6.42E+12,GQNZY0292D,Antonia Hans Kinney
Ophelia,Galen,Wagner,ophelia.wagner@ibm.com,02-02-1972,6.16E+12,AHGMN1051D,Ophelia Galen Wagner
Hallie,Burton,Cervantes,hallie.cervantes@aol.com,6-30-1979,5.32E+12,MOYRE8278O,Hallie Burton Cervantes
Adriana,Harold,Mcfarland,adriana.mcfarland@outlook.com,8-29-1978,6.57E+12,CXJLW9044S,Adriana Harold Mcfarland
Jana,Winston,Weiss,jana.weiss@gmail.com,01-04-1968,3.10E+12,MIBVB8788P,Jana Winston Weiss
Quentin,Kermit,Benson,quentin.benson@gmail.com,3-21-1980,3.85E+12,MUYUX1766O,Quentin Kermit Benson
Debra,Theron,Pena,debra.pena@ibm.com,11-25-1990,7.47E+12,JHYSC8208Y,Debra Theron Pena
Kenton,Emmett,Moreno,kenton.moreno@shell.com,1-19-1993,5.57E+12,ZPXPB5600J,Kenton Emmett Moreno
Ian,Isaac,Alvarado,ian.alvarado@aol.com,9-25-1965,5.05E+12,LYTAL7217U,Ian Isaac Alvarado
Jasper,Vern,Lucas,jasper.lucas@yahoo.co.in,9-18-1981,2.62E+12,CMEYW4803V,Jasper Vern Lucas
Brock,Humberto,Roberts,brock.roberts@yahoo.co.in,2-27-1968,6.75E+12,FLBJN9623J,Brock Humberto Roberts
Salvador,Garland,Deleon,salvador.deleon@hotmail.com,04-07-1969,5.86E+12,WNYPL1039R,Salvador Garland Deleon
Terence,Lynn,Giles,terence.giles@yahoo.com,9-15-1976,7.03E+12,LIGZP6296U,Terence Lynn Giles
Dario,Williams,Townsend,dario.townsend@yahoo.com,05-10-1962,6.81E+12,VUVIH8540R,Dario Williams Townsend
Ester,Jeffrey,Houston,ester.houston@ibm.com,03-12-1978,7.34E+12,TKAOE4626G,Ester Jeffrey Houston
Leanne,Royal,Mcmahon,leanne.mcmahon@shaw.ca,01-11-1964,7.37E+12,IBDEJ8324H,Leanne Royal Mcmahon
Valentin,Laurence,Montoya,valentin.montoya@aol.com,11-07-1965,9.47E+12,ESSNG9334X,Valentin Laurence Montoya
Jared,Dan,Shepherd,jared.shepherd@ntlworld.com,3-26-1996,8.98E+12,KEGWE4466D,Jared Dan Shepherd
Jami,Darius,Cantrell,jami.cantrell@hotmail.com,3-30-1986,7.94E+12,PYJJU3191I,Jami Darius Cantrell
Bruno,Denny,Whitney,bruno.whitney@sbcglobal.net,3-21-1976,3.25E+12,JPEWF0366U,Bruno Denny Whitney
Garland,Wendell,Watkins,garland.watkins@apple.com,1-14-1962,1.12E+12,OHMXB5326G,Garland Wendell Watkins
Augustus,Pierre,Maldonado,augustus.maldonado@yahoo.com,5-25-1992,6.47E+12,AMFLJ6954Q,Augustus Pierre Maldonado
Luther,Brett,Mcneil,luther.mcneil@aol.com,3-31-1992,7.95E+12,UHPMD3205D,Luther Brett Mcneil
Jimmy,Morgan,Molina,jimmy.molina@gmail.com,05-08-1966,5.91E+12,RFGGR4513O,Jimmy Morgan Molina
Morton,Lamar,Franklin,morton.franklin@cox.net,8-22-1960,3.81E+12,ZBDFC2001T,Morton Lamar Franklin
Andrew,Darius,Price,andrew.price@yahoo.co.uk,03-06-1987,2.55E+12,NALVK3373E,Andrew Darius Price
Ava,Simon,Romero,ava.romero@aol.com,5-25-1972,2.48E+12,VNNQN8228S,Ava Simon Romero
Anastasia,Jessie,Bowen,anastasia.bowen@gmail.com,12-23-1992,2.08E+12,JYAMJ0636C,Anastasia Jessie Bowen
Sabrina,Leon,Fowler,sabrina.fowler@outlook.com,01-03-1982,1.80E+12,YIKEJ9341T,Sabrina Leon Fowler
Kirsten,Carol,Lee,kirsten.lee@hotmail.com,10-16-1968,3.95E+12,VZVMU4103B,Kirsten Carol Lee
Tabatha,Elliott,Arnold,tabatha.arnold@gmail.com,7-29-1976,6.88E+12,WBDDE5099Z,Tabatha Elliott Arnold
Gregg,Dylan,Mann,gregg.mann@verizon.net,5-15-1959,2.04E+12,XWVQF7327E,Gregg Dylan Mann
Deanne,Jame,Mccarty,deanne.mccarty@charter.net,01-03-1974,7.57E+12,WZVNF2297T,Deanne Jame Mccarty
Juanita,Bryce,Zimmerman,juanita.zimmerman@hotmail.com,10-16-1974,3.34E+12,TBKCC7358L,Juanita Bryce Zimmerman
Doug,Ross,Small,doug.small@hotmail.com,12-08-1991,6.39E+12,SOQJO0957A,Doug Ross Small
Billy,Morgan,Mcdowell,billy.mcdowell@gmail.com,10-06-1983,8.97E+12,WRLVZ2553C,Billy Morgan Mcdowell
Boyd,Matt,Valencia,boyd.valencia@gmail.com,06-09-1987,6.03E+12,CFIRM9122Q,Boyd Matt Valencia
Roberto,Stuart,Caldwell,roberto.caldwell@gmail.com,08-12-1994,7.37E+12,BGJFW1132Z,Roberto Stuart Caldwell
Kris,Kenton,Conner,kris.conner@gmail.com,5-23-1962,2.34E+12,IWFJL8105B,Kris Kenton Conner
Leann,Drew,Ortiz,leann.ortiz@gmail.com,2-16-1990,8.71E+12,HSGZH5603J,Leann Drew Ortiz
Joaquin,Lance,Bentley,joaquin.bentley@gmail.com,8-24-1961,6.83E+12,UJBFD3814Q,Joaquin Lance Bentley
Leanne,Alfonso,Potter,leanne.potter@exxonmobil.com,1-25-1989,4.17E+12,HXHNX1282M,Leanne Alfonso Potter
Jay,Chang,Sanders,jay.sanders@gmail.com,01-05-1964,1.36E+12,GPGCN6793F,Jay Chang Sanders
Luz,Mac,Brown,luz.brown@msn.com,07-06-1961,4.95E+12,WEZVQ2699V,Luz Mac Brown
Dudley,Conrad,Preston,dudley.preston@gmail.com,11-16-1977,8.49E+12,EYZLT3855X,Dudley Conrad Preston
Monroe,Vito,Beach,monroe.beach@bp.com,10-18-1987,7.43E+12,WWPTL0484I,Monroe Vito Beach
Dina,Guillermo,Jones,dina.jones@aol.com,8-26-1990,9.01E+12,NBOXD5914P,Dina Guillermo Jones
Christian,Heath,Morrison,christian.morrison@yahoo.co.in,07-08-1959,2.73E+12,ZBMCK2278Z,Christian Heath Morrison
Lucile,Jefferson,Fleming,lucile.fleming@hotmail.co.uk,12-13-1966,5.58E+12,OSAGN6779D,Lucile Jefferson Fleming
Luciano,Joesph,Ray,luciano.ray@btinternet.com,10-19-1991,5.05E+12,KQQAQ6194M,Luciano Joesph Ray
Ahmad,Brenton,Poole,ahmad.poole@gmail.com,06-06-1973,4.30E+12,WITSV8430D,Ahmad Brenton Poole
Janna,Errol,Hopkins,janna.hopkins@aol.com,11-21-1987,3.47E+12,BJIVR5463N,Janna Errol Hopkins
Kendrick,Refugio,Miles,kendrick.miles@ibm.com,08-10-1962,5.09E+12,GCOQT9601W,Kendrick Refugio Miles
Demetrius,Stuart,Ruiz,demetrius.ruiz@gmail.com,12-14-1992,2.67E+12,XJCAH1811X,Demetrius Stuart Ruiz
Ken,Felix,Winters,ken.winters@rediffmail.com,2-14-1995,1.97E+12,NYPBO4403K,Ken Felix Winters
Earl,Bart,Gilbert,earl.gilbert@bp.com,1-14-1973,2.39E+12,ZCTSE2548X,Earl Bart Gilbert
Taylor,Rene,Barlow,taylor.barlow@aol.com,02-04-1965,4.11E+12,ZVHIL0473D,Taylor Rene Barlow
Clarissa,Erin,Lawson,clarissa.lawson@hotmail.com,6-26-1993,1.25E+12,CUXPH4010H,Clarissa Erin Lawson
Lewis,Louis,Fuller,lewis.fuller@comcast.net,11-01-1958,8.76E+12,SDDTQ4875K,Lewis Louis Fuller
Claudine,Chad,Black,claudine.black@gmail.com,5-24-1978,2.13E+12,ZLBJI6915K,Claudine Chad Black
Mitzi,Shane,Lynch,mitzi.lynch@aol.com,8-29-1960,6.68E+12,EUFXO8489D,Mitzi Shane Lynch
Michel,Elliot,Finch,michel.finch@gmail.com,6-26-1986,2.60E+12,KGYXR5015X,Michel Elliot Finch
Janie,Chester,Velasquez,janie.velasquez@gmail.com,4-19-1958,2.07E+12,LBARO5582G,Janie Chester Velasquez
Sophie,Gabriel,Bass,sophie.bass@hotmail.com,1-16-1990,8.93E+12,RZERB7105V,Sophie Gabriel Bass
Bette,Alton,Kane,bette.kane@gmail.com,12-30-1979,6.70E+12,HJGUD7372M,Bette Alton Kane
Dena,Eldon,Blake,dena.blake@hotmail.com,5-26-1975,3.54E+12,FGRUC0734G,Dena Eldon Blake
Dante,Chris,Farmer,dante.farmer@aol.com,7-15-1985,3.42E+12,YOAII4477N,Dante Chris Farmer
Angelina,Kory,Lynn,angelina.lynn@rediffmail.com,3-14-1975,3.60E+12,CECWM6659L,Angelina Kory Lynn
Shannon,Darius,Snow,shannon.snow@yahoo.com,11-03-1961,4.63E+12,LJEFZ6870Y,Shannon Darius Snow
Ron,Maurice,Glenn,ron.glenn@gmail.com,07-06-1993,5.26E+12,QJRUD3133J,Ron Maurice Glenn
Kerry,Irving,Pitts,kerry.pitts@aol.com,05-04-1989,3.48E+12,EXGNP7508W,Kerry Irving Pitts
Dominick,Santos,Robbins,dominick.robbins@hotmail.com,8-19-1979,9.50E+12,YEELB8549D,Dominick Santos Robbins
Emory,Rocky,Spence,emory.spence@yahoo.com,05-04-1967,7.82E+12,SADEF0140I,Emory Rocky Spence
Lana,Erik,Spence,lana.spence@aol.com,7-15-1967,4.63E+12,UYILG3614C,Lana Erik Spence
Jeremy,James,English,jeremy.english@gmail.com,09-11-1972,9.05E+12,MDMUA0782R,Jeremy James English
Dudley,Ross,Melton,dudley.melton@aol.com,04-02-1991,6.34E+12,OEXHP0579F,Dudley Ross Melton
Frances,Nolan,Stafford,frances.stafford@ntlworld.com,09-07-1965,8.41E+12,ZYMWS1455A,Frances Nolan Stafford
Percy,Karl,Hunt,percy.hunt@btinternet.com,12-13-1970,5.66E+12,WIHDQ5836M,Percy Karl Hunt
Alfredo,Martin,Vasquez,alfredo.vasquez@bp.com,4-21-1973,2.79E+12,TOWQM0013Y,Alfredo Martin Vasquez
Joanna,Shannon,Perkins,joanna.perkins@aol.com,08-10-1959,6.94E+12,PDCFX2559A,Joanna Shannon Perkins
Susanna,Ellis,Huff,susanna.huff@hotmail.com,07-09-1970,7.03E+12,VYZVD6125X,Susanna Ellis Huff
Ola,Nolan,Thompson,ola.thompson@yahoo.com,8-28-1970,9.28E+12,OODPS1433E,Ola Nolan Thompson
Louella,Kris,Wolfe,louella.wolfe@charter.net,2-19-1966,9.25E+12,ZPCGJ5051T,Louella Kris Wolfe
Deirdre,Kennith,Travis,deirdre.travis@hotmail.com,04-11-1971,3.57E+12,PXIVX0143M,Deirdre Kennith Travis
Kristina,Hubert,Ware,kristina.ware@gmail.com,6-26-1981,9.35E+12,PCLKH7435X,Kristina Hubert Ware
Stacy,Royal,Dixon,stacy.dixon@aol.com,5-27-1963,8.87E+12,SQCZK4496S,Stacy Royal Dixon
Frankie,Brandon,Clark,frankie.clark@apple.com,11-19-1960,4.54E+12,GWJWA6222F,Frankie Brandon Clark
Pauline,James,Gilbert,pauline.gilbert@yahoo.com,07-05-1996,8.49E+12,MBCSB2942W,Pauline James Gilbert
Adolph,Glenn,Skinner,adolph.skinner@gmail.com,9-20-1964,8.12E+12,DUPJR0492Q,Adolph Glenn Skinner
Rosa,Victor,Camacho,rosa.camacho@gmail.com,04-07-1995,8.03E+12,ATYXA1047B,Rosa Victor Camacho
Craig,Alvin,Marquez,craig.marquez@gmail.com,6-16-1982,7.43E+12,CZZUY0528Q,Craig Alvin Marquez
Stanley,Rex,Lowe,stanley.lowe@gmail.com,09-07-1986,6.48E+12,JSKEN7793M,Stanley Rex Lowe
Morgan,Calvin,Farrell,morgan.farrell@gmail.com,4-17-1989,8.20E+12,RTIFG0921P,Morgan Calvin Farrell
Reba,Colby,Potts,reba.potts@microsoft.com,04-02-1986,4.00E+12,PUFXR6572E,Reba Colby Potts
Shana,Dwight,Gould,shana.gould@gmail.com,7-20-1973,6.10E+12,HFNGF4806M,Shana Dwight Gould
Adam,Landon,Bartlett,adam.bartlett@aol.com,9-25-1971,3.36E+12,KAIXA9202F,Adam Landon Bartlett
Leann,Diego,Melendez,leann.melendez@gmail.com,11-04-1973,2.02E+12,VOZDK3265N,Leann Diego Melendez
Floyd,Kristopher,Mills,floyd.mills@gmail.com,8-29-1983,6.45E+12,KQCUO5699Z,Floyd Kristopher Mills
Scott,Son,Carrillo,scott.carrillo@sbcglobal.net,1-15-1970,2.19E+12,ZUHND6510A,Scott Son Carrillo
Sterling,Lynn,Hooper,sterling.hooper@hotmail.com,9-19-1962,9.03E+12,KKCSJ8113X,Sterling Lynn Hooper
Damon,Calvin,Hunt,damon.hunt@gmail.com,11-28-1978,2.08E+12,WRDZJ7406T,Damon Calvin Hunt
Mauricio,Elbert,Potts,mauricio.potts@yahoo.com,8-31-1986,8.26E+12,CIQBG6604O,Mauricio Elbert Potts
Ebony,Jesus,Eaton,ebony.eaton@gmail.com,7-24-1964,4.71E+12,JRDEA7924T,Ebony Jesus Eaton
Bobbie,Jim,Joyner,bobbie.joyner@gmail.com,4-20-1971,5.12E+12,SVYZS3523L,Bobbie Jim Joyner
Jami,Saul,Velasquez,jami.velasquez@hotmail.com,7-23-1992,1.36E+12,UKKJA9779Z,Jami Saul Velasquez
Aisha,Louis,Gentry,aisha.gentry@aol.com,10-31-1965,8.58E+12,KCFZT6890X,Aisha Louis Gentry
Moses,Clifton,Reid,moses.reid@apple.com,12-22-1964,7.58E+12,FLVFO5006L,Moses Clifton Reid
Monique,Sylvester,Deleon,monique.deleon@hotmail.com,04-09-1990,4.77E+12,XRSMB4771L,Monique Sylvester Deleon
Domingo,Williams,Gibbs,domingo.gibbs@hotmail.com,11-07-1988,5.27E+12,HSRUF7108N,Domingo Williams Gibbs
Tammy,Marshall,Vincent,tammy.vincent@aol.com,7-13-1960,2.51E+12,OFOCI3152B,Tammy Marshall Vincent
Federico,Mathew,Wilson,federico.wilson@yahoo.com,11-16-1974,6.94E+12,DGVWY3858G,Federico Mathew Wilson
Kory,Issac,Roth,kory.roth@bp.com,1-18-1974,5.19E+12,DITBU2785Z,Kory Issac Roth
Nichole,Albert,Lloyd,nichole.lloyd@shell.com,4-23-1986,8.25E+12,VSTLL4365V,Nichole Albert Lloyd
Rodger,Rich,Chavez,rodger.chavez@outlook.com,07-10-1981,3.68E+12,ZBKGN3831Y,Rodger Rich Chavez
Bruce,Wilbur,Carney,bruce.carney@hotmail.com,02-09-1974,3.79E+12,QAGTB2194Y,Bruce Wilbur Carney
Derick,Sonny,Ferrell,derick.ferrell@yahoo.co.in,02-07-1975,2.99E+12,OXTSH2897V,Derick Sonny Ferrell
Lorna,Elias,Henson,lorna.henson@outlook.com,06-09-1989,6.13E+12,ALGXY3249W,Lorna Elias Henson
Rico,Devin,Mayo,rico.mayo@gmail.com,06-10-1991,9.84E+12,JNLPH4167P,Rico Devin Mayo
Luann,Merrill,Crane,luann.crane@gmail.com,3-26-1977,8.08E+12,ZUILF6877T,Luann Merrill Crane
Tara,Armando,Goodwin,tara.goodwin@shaw.ca,7-23-1968,6.31E+12,ZVZKC2826D,Tara Armando Goodwin
Shaun,Alfredo,Evans,shaun.evans@gmail.com,04-02-1969,4.96E+12,JRAEM3168J,Shaun Alfredo Evans
Debbie,Wesley,Velez,debbie.velez@aol.com,4-13-1963,7.81E+12,HKPUO7451Z,Debbie Wesley Velez
May,Willard,Hodge,may.hodge@hotmail.com,1-22-1975,5.27E+12,YURID2546S,May Willard Hodge
Adeline,Valentin,Evans,adeline.evans@cox.net,8-13-1988,7.32E+12,HELYK7719F,Adeline Valentin Evans
Guy,Trey,Gilbert,guy.gilbert@gmail.com,9-18-1960,5.51E+12,KHIKZ1665D,Guy Trey Gilbert
Opal,Edmond,Hansen,opal.hansen@hotmail.com,11-01-1977,4.38E+12,CUIWG0724B,Opal Edmond Hansen
Robbie,Ronny,Oconnor,robbie.oconnor@bellsouth.net,02-08-1993,2.36E+12,YNDYA3179Q,Robbie Ronny Oconnor
Ella,Rod,Craft,ella.craft@aol.com,2-18-1992,3.34E+12,KRGGA6886L,Ella Rod Craft
Derrick,Milo,Vaughn,derrick.vaughn@ibm.com,4-16-1965,1.14E+12,RVEFK5713E,Derrick Milo Vaughn
Maura,Sang,Cherry,maura.cherry@earthlink.net,05-03-1970,9.47E+12,AMULF4234F,Maura Sang Cherry
Roderick,Bryant,Vinson,roderick.vinson@hotmail.com,03-03-1994,6.97E+12,CWWHE9073H,Roderick Bryant Vinson
Gwen,Sammie,Gilliam,gwen.gilliam@aol.com,1-13-1995,3.72E+12,VASDG2441K,Gwen Sammie Gilliam
Melanie,Jamel,Zimmerman,melanie.zimmerman@aol.com,06-09-1970,8.57E+12,VVLII0658A,Melanie Jamel Zimmerman
Micah,Matt,Merritt,micah.merritt@rediffmail.com,10-25-1983,8.47E+12,GBHUW1868M,Micah Matt Merritt
Buford,Julio,Hobbs,buford.hobbs@msn.com,10-03-1975,6.94E+12,FPVAJ5605K,Buford Julio Hobbs
Kyle,Hershel,Farmer,kyle.farmer@gmail.com,11-20-1974,8.39E+12,ZRQEC8305R,Kyle Hershel Farmer
Jocelyn,Marty,Rojas,jocelyn.rojas@earthlink.net,02-04-1969,4.99E+12,YFGAJ5537W,Jocelyn Marty Rojas
Larry,Gregorio,Gray,larry.gray@outlook.com,9-14-1993,1.45E+12,HISCD1508A,Larry Gregorio Gray
Wilbur,Bennie,Bates,wilbur.bates@verizon.net,7-27-1989,4.43E+12,TNYWE4356A,Wilbur Bennie Bates
Maxine,Sergio,Moran,maxine.moran@gmail.com,4-27-1968,1.35E+12,NUZHP5782I,Maxine Sergio Moran
Kathleen,Freddie,Middleton,kathleen.middleton@yahoo.com,03-05-1979,2.72E+12,QVYPC1884S,Kathleen Freddie Middleton
Norbert,Francis,Joyner,norbert.joyner@gmail.com,4-18-1966,3.05E+12,ICJQE8974Z,Norbert Francis Joyner
Chadwick,Lenard,Walton,chadwick.walton@earthlink.net,2-17-1966,6.60E+12,ZDCKT1906H,Chadwick Lenard Walton
Connie,Eddie,Shaffer,connie.shaffer@walmart.com,08-10-1973,8.83E+12,QXEID1901M,Connie Eddie Shaffer
Bobbie,Andrea,Singleton,bobbie.singleton@yahoo.com,1-31-1985,8.96E+12,APQPX8973T,Bobbie Andrea Singleton
Lesley,Donald,Rollins,lesley.rollins@aol.com,03-02-1995,9.91E+12,KXVEZ8621Z,Lesley Donald Rollins
Victoria,Vaughn,Howe,victoria.howe@gmail.com,02-09-1968,2.65E+12,YGSAM8712O,Victoria Vaughn Howe
Marc,Vaughn,Nixon,marc.nixon@gmail.com,2-20-1970,4.94E+12,YVWKJ8790F,Marc Vaughn Nixon
Elias,Jeffery,Pena,elias.pena@hotmail.com,3-18-1996,7.91E+12,GZWTH7030D,Elias Jeffery Pena
Flossie,Calvin,Mcpherson,flossie.mcpherson@gmail.com,11-18-1969,6.36E+12,YJEJQ8537G,Flossie Calvin Mcpherson
Lana,Shaun,Hayes,lana.hayes@hotmail.com,12-17-1975,9.34E+12,LRAZW6471A,Lana Shaun Hayes
Nick,Morton,Wilcox,nick.wilcox@bellsouth.net,11-18-1976,7.02E+12,YQLTO1716Y,Nick Morton Wilcox
Nona,Johnny,Buck,nona.buck@outlook.com,06-09-1988,1.06E+12,OAZQU1907E,Nona Johnny Buck
Abdul,Jame,Barnett,abdul.barnett@hotmail.com,3-26-1985,7.69E+12,KPJYB1296K,Abdul Jame Barnett
Inez,John,Kane,inez.kane@ntlworld.com,05-12-1985,1.93E+12,YKQEG0831B,Inez John Kane
Raquel,Cliff,Bray,raquel.bray@hotmail.co.uk,12-09-1993,3.96E+12,LYVSC8339Y,Raquel Cliff Bray
Sean,Alberto,Noble,sean.noble@cox.net,8-17-1962,4.69E+12,DNOWW0614F,Sean Alberto Noble
Fred,Sam,Woodward,fred.woodward@hotmail.com,12-23-1970,9.76E+12,HUYGM7531L,Fred Sam Woodward
Sylvester,Tanner,Salas,sylvester.salas@outlook.com,9-25-1987,9.58E+12,CASHX8195W,Sylvester Tanner Salas
Berta,Mathew,Irwin,berta.irwin@gmail.com,01-12-1983,7.63E+12,JMHRO9948W,Berta Mathew Irwin
Noelle,Hiram,Paul,noelle.paul@yahoo.com,02-01-1964,1.26E+12,LMGLA5214V,Noelle Hiram Paul
Chrystal,Cleo,Swanson,chrystal.swanson@aol.com,2-25-1984,3.67E+12,MEORJ7086F,Chrystal Cleo Swanson
Reggie,Philip,Nolan,reggie.nolan@gmail.com,9-17-1989,5.53E+12,BMYIO2749O,Reggie Philip Nolan
Joanne,Freeman,Melton,joanne.melton@verizon.net,12-19-1964,2.73E+12,WMNMZ7621Z,Joanne Freeman Melton
Bryon,Rogelio,Gardner,bryon.gardner@aol.com,2-23-1985,8.23E+12,DVQIO3205A,Bryon Rogelio Gardner
Noreen,Jose,Vincent,noreen.vincent@yahoo.com,9-15-1994,8.07E+12,TWBTZ6941Q,Noreen Jose Vincent
Mathew,Abe,Duran,mathew.duran@aol.com,09-06-1993,9.95E+12,OOAAT9056W,Mathew Abe Duran
Herminia,Joel,Morin,herminia.morin@yahoo.com,2-24-1961,6.35E+12,VXKQQ4364A,Herminia Joel Morin
Luke,Isidro,Craft,luke.craft@apple.com,8-25-1984,1.95E+12,JQTST6321R,Luke Isidro Craft
Ronny,Randal,Long,ronny.long@microsoft.com,12-10-1982,2.40E+12,PINCT0464L,Ronny Randal Long
Jeannine,Rodrick,Vaughn,jeannine.vaughn@aol.com,04-09-1978,7.15E+12,ZKBMV9526W,Jeannine Rodrick Vaughn
Silvia,Tanner,Huff,silvia.huff@gmail.com,02-12-1974,2.24E+12,AAPAI9148Q,Silvia Tanner Huff
Margo,Chuck,Hoffman,margo.hoffman@gmail.com,5-14-1985,9.04E+12,LPPRW5353Y,Margo Chuck Hoffman
Kimberly,Brice,Summers,kimberly.summers@msn.com,12-31-1958,2.20E+12,XVCUF1043N,Kimberly Brice Summers
Jodie,Clifton,Mckinney,jodie.mckinney@bp.com,10-16-1995,2.48E+12,KWQAB5593S,Jodie Clifton Mckinney
Lorrie,Jimmy,Leblanc,lorrie.leblanc@gmail.com,01-12-1968,1.29E+12,UNVKG0562Z,Lorrie Jimmy Leblanc
Miles,Fredrick,Giles,miles.giles@yahoo.com,08-03-1976,2.17E+12,DCBSL4639K,Miles Fredrick Giles
Jamar,Normand,Castaneda,jamar.castaneda@yahoo.com,05-11-1982,8.12E+12,SXHUY1714W,Jamar Normand Castaneda
Amber,Rodney,Warner,amber.warner@hotmail.com,11-19-1957,7.81E+12,GIEMO3927H,Amber Rodney Warner
Sterling,Randolph,Patel,sterling.patel@aol.com,2-15-1966,3.36E+12,DPUPS6240Z,Sterling Randolph Patel
Enid,Jerome,Pearson,enid.pearson@cox.net,7-28-1972,3.30E+12,BVMSY6316H,Enid Jerome Pearson
Annmarie,Rickey,Frye,annmarie.frye@charter.net,06-04-1986,5.02E+12,URXGT3511A,Annmarie Rickey Frye
Molly,Amado,Roach,molly.roach@gmail.com,10-21-1966,6.67E+12,OTNFQ1264S,Molly Amado Roach
Rogelio,Randall,Poole,rogelio.poole@exxonmobil.com,3-31-1992,3.05E+12,DSWTZ5647M,Rogelio Randall Poole
Mathew,Chang,Duke,mathew.duke@rediffmail.com,1-17-1993,7.54E+12,IAMDN0076K,Mathew Chang Duke
Lewis,Isaiah,Ayala,lewis.ayala@gmail.com,11-29-1992,7.33E+12,GHOMC2847Q,Lewis Isaiah Ayala
Claudette,Edgardo,Walter,claudette.walter@outlook.com,2-17-1984,9.36E+12,GZVKJ4852D,Claudette Edgardo Walter
Tracie,Raphael,Delaney,tracie.delaney@hotmail.com,5-31-1973,4.15E+12,UWVGH6642P,Tracie Raphael Delaney
Eric,Nathan,Mccullough,eric.mccullough@gmail.com,10-17-1965,8.67E+12,NAZTU5188Y,Eric Nathan Mccullough
Nestor,Walker,Carney,nestor.carney@gmail.com,06-05-1975,2.01E+12,YIXMJ9682W,Nestor Walker Carney
Mitzi,Blair,Mueller,mitzi.mueller@hotmail.com,03-03-1967,1.83E+12,RKPJR1724J,Mitzi Blair Mueller
Lillian,Mario,Atkinson,lillian.atkinson@aol.com,2-25-1993,8.27E+12,JEKUD0078M,Lillian Mario Atkinson
Barry,Bryan,Garner,barry.garner@gmail.com,12-21-1979,2.06E+12,ZNLLL7302A,Barry Bryan Garner
Coleen,Hal,Morris,coleen.morris@gmail.com,11-16-1995,1.84E+12,XLBHE3128W,Coleen Hal Morris
Marci,Felix,Alvarado,marci.alvarado@gmail.com,5-31-1966,8.67E+12,THMYV5192H,Marci Felix Alvarado
Monty,Johnie,Lancaster,monty.lancaster@walmart.com,3-18-1960,9.65E+12,DKUKO6221J,Monty Johnie Lancaster
Norris,Parker,Adams,norris.adams@yahoo.com,10-21-1993,3.15E+12,PALZB0667W,Norris Parker Adams
Elvira,Wilford,Byrd,elvira.byrd@gmail.com,02-07-1990,1.69E+12,ZUWEE1283B,Elvira Wilford Byrd
Keven,Douglas,Logan,keven.logan@gmail.com,02-11-1989,5.53E+12,YVDKM6056P,Keven Douglas Logan
Rosendo,Gregg,Rasmussen,rosendo.rasmussen@earthlink.net,10-26-1978,7.99E+12,OHRUB8608E,Rosendo Gregg Rasmussen
Carly,Mary,Leach,carly.leach@cox.net,01-03-1971,7.33E+12,IYCKC2543X,Carly Mary Leach
Colleen,Terrell,Bray,colleen.bray@hotmail.com,04-07-1982,6.31E+12,ZGJRO6506P,Colleen Terrell Bray
Ollie,Bennie,William,ollie.william@verizon.net,10-19-1979,6.61E+12,LBLHQ1941V,Ollie Bennie William
Hilario,Sergio,Vang,hilario.vang@gmail.com,06-06-1978,1.95E+12,GTJUL0946D,Hilario Sergio Vang
Nadine,Vernon,Blanchard,nadine.blanchard@exxonmobil.com,3-14-1978,2.52E+12,OTRWB3876G,Nadine Vernon Blanchard
Wm,Patrick,Carroll,wm.carroll@gmail.com,5-16-1987,2.37E+12,APWDX6433J,Wm Patrick Carroll
Minnie,Rickey,Mckee,minnie.mckee@gmail.com,8-26-1995,4.67E+12,JWVCF6694F,Minnie Rickey Mckee
Angela,Terry,Compton,angela.compton@gmail.com,1-21-1967,1.44E+12,VPQDC1607Y,Angela Terry Compton
Lillian,Son,Gill,lillian.gill@gmail.com,7-28-1970,1.63E+12,SREQI0918H,Lillian Son Gill
Bob,Vernon,Weiss,bob.weiss@hotmail.com,10-26-1991,4.34E+12,KLSRZ9425W,Bob Vernon Weiss
Edwin,Alton,Perez,edwin.perez@gmail.com,2-27-1992,6.86E+12,LRJFW3498D,Edwin Alton Perez
Bernardo,Tanner,Langley,bernardo.langley@hotmail.com,10-21-1972,5.82E+12,SMLWQ0874E,Bernardo Tanner Langley
William,Caleb,Morrison,william.morrison@gmail.com,3-30-1967,2.11E+12,JVCSU4157D,William Caleb Morrison
Vance,Brent,Osborne,vance.osborne@shaw.ca,11-09-1972,3.92E+12,OVXWQ8863R,Vance Brent Osborne
Edmund,Carlo,Salas,edmund.salas@aol.com,07-08-1959,6.67E+12,TEBBO7127G,Edmund Carlo Salas
Imogene,Dudley,Sanders,imogene.sanders@yahoo.com,06-03-1985,7.62E+12,UTDQD0219Y,Imogene Dudley Sanders
Darin,Jay,Callahan,darin.callahan@gmail.com,10-27-1992,7.05E+12,XJGTH9236H,Darin Jay Callahan
Loretta,Terence,Sawyer,loretta.sawyer@hotmail.com,1-23-1996,5.85E+12,UDEGG1695P,Loretta Terence Sawyer
Olive,Wiley,Livingston,olive.livingston@charter.net,02-09-1981,5.78E+12,QJKVH9383R,Olive Wiley Livingston
Gino,Rich,Mcconnell,gino.mcconnell@aol.com,10-08-1975,8.84E+12,ZTMOG9145E,Gino Rich Mcconnell
Fred,Armando,Hayes,fred.hayes@yahoo.com,12-17-1979,3.31E+12,GXWEN4902R,Fred Armando Hayes
Nelson,Edwin,Wilkins,nelson.wilkins@earthlink.net,12-12-1961,6.51E+12,FBIMF8798D,Nelson Edwin Wilkins
Joyce,Horace,Hooper,joyce.hooper@hotmail.com,2-21-1980,6.14E+12,DCNZE6314B,Joyce Horace Hooper
Juliana,Carson,Rowland,juliana.rowland@aol.com,04-07-1993,8.04E+12,FFZBQ9326H,Juliana Carson Rowland
Norris,Cliff,Mack,norris.mack@yahoo.co.in,9-18-1983,6.10E+12,CJXOX3888E,Norris Cliff Mack
Tom,Javier,Frye,tom.frye@gmail.com,04-09-1976,9.12E+12,DPAAS9284P,Tom Javier Frye
Josephine,Santos,Pitts,josephine.pitts@hotmail.com,12-29-1972,4.01E+12,HLDUL0865C,Josephine Santos Pitts
Les,Maynard,Brady,les.brady@gmail.com,07-06-1990,1.30E+12,ZMXDC0408R,Les Maynard Brady
Jaime,Dannie,Avery,jaime.avery@aol.com,03-07-1967,7.99E+12,VHTYK7408D,Jaime Dannie Avery
Marissa,Raymundo,Caldwell,marissa.caldwell@aol.com,10-03-1979,8.67E+12,TMEJJ3757I,Marissa Raymundo Caldwell
Lavern,Josiah,Gardner,lavern.gardner@aol.com,10-19-1971,7.52E+12,HOCYE8304V,Lavern Josiah Gardner
Evangeline,Jacob,Mejia,evangeline.mejia@gmail.com,09-06-1959,6.90E+12,JCPIL4079R,Evangeline Jacob Mejia
Brandy,Silas,Carr,brandy.carr@btinternet.com,11-21-1976,2.78E+12,HFCIO1772A,Brandy Silas Carr
Molly,Marshall,Manning,molly.manning@hotmail.com,06-11-1962,5.42E+12,MJQCJ1427X,Molly Marshall Manning
Gale,Bradford,Perez,gale.perez@rediffmail.com,12-02-1964,6.50E+12,HUWAB2335P,Gale Bradford Perez
Merlin,Carlton,Yates,merlin.yates@yahoo.co.uk,01-01-1991,1.62E+12,EZKUY7261L,Merlin Carlton Yates
Nelson,Terry,Mooney,nelson.mooney@yahoo.com,06-02-1967,3.71E+12,XCNXL9255D,Nelson Terry Mooney
Jackson,Leonardo,Bass,jackson.bass@gmail.com,3-14-1983,5.62E+12,QUWDF1309T,Jackson Leonardo Bass
Trisha,Lance,Mueller,trisha.mueller@bp.com,6-13-1975,1.66E+12,HICZH1608N,Trisha Lance Mueller
Lilia,Tommie,Collins,lilia.collins@yahoo.com,06-07-1980,9.31E+12,JFXCO5161N,Lilia Tommie Collins
Kimberly,Ronnie,Cantu,kimberly.cantu@yahoo.com,10-07-1976,3.17E+12,CQGUX9030F,Kimberly Ronnie Cantu
Luciano,Carey,Jordan,luciano.jordan@aol.com,4-23-1994,7.46E+12,AKWNH6685X,Luciano Carey Jordan
Danny,Jonah,Robbins,danny.robbins@hotmail.com,9-27-1963,1.21E+12,JSRHK1104I,Danny Jonah Robbins
Wilfredo,Enrique,Richards,wilfredo.richards@gmail.com,12-13-1960,4.93E+12,GXNUT2045Q,Wilfredo Enrique Richards
Callie,Genaro,Snider,callie.snider@yahoo.com,12-18-1989,6.76E+12,EIDWC7023O,Callie Genaro Snider
Rachelle,Josiah,Reed,rachelle.reed@yahoo.co.uk,11-27-1977,7.67E+12,IYRMD0495O,Rachelle Josiah Reed
Bobbi,Cruz,Olson,bobbi.olson@hotmail.com,11-03-1963,9.72E+12,JUQFX8936B,Bobbi Cruz Olson
Kris,Newton,Richards,kris.richards@aol.com,2-24-1966,8.57E+12,IKQWF9677E,Kris Newton Richards
Marissa,Bruce,Meyer,marissa.meyer@rediffmail.com,7-13-1958,5.77E+12,BJTOE1315S,Marissa Bruce Meyer
Jamar,Tod,Reese,jamar.reese@hotmail.co.uk,6-13-1965,2.92E+12,GTAOC3455O,Jamar Tod Reese
Nelda,Josue,Webster,nelda.webster@gmail.com,1-16-1986,4.55E+12,OAJVK5497L,Nelda Josue Webster
Carolina,Charlie,Bruce,carolina.bruce@aol.com,10-06-1971,4.55E+12,ZFHBA7209A,Carolina Charlie Bruce
Terri,Agustin,Phelps,terri.phelps@microsoft.com,11-23-1975,7.77E+12,FGHVW6043S,Terri Agustin Phelps
Nestor,Lazaro,Rosales,nestor.rosales@aol.com,04-05-1979,2.45E+12,OFIFN3311Z,Nestor Lazaro Rosales
Adrian,Reid,Robles,adrian.robles@gmail.com,06-08-1958,5.84E+12,LMHLF6312K,Adrian Reid Robles
Kyle,Brain,Rios,kyle.rios@yahoo.co.uk,02-09-1993,3.72E+12,KATCW3869R,Kyle Brain Rios
Domingo,Kendall,Wilkinson,domingo.wilkinson@outlook.com,1-21-1985,9.34E+12,PRTSS0848N,Domingo Kendall Wilkinson
Leonardo,Damon,Bird,leonardo.bird@bp.com,1-24-1974,1.87E+12,GWLDC2325U,Leonardo Damon Bird
Hubert,Wilson,Zimmerman,hubert.zimmerman@gmail.com,3-22-1980,8.99E+12,YHZOO5922E,Hubert Wilson Zimmerman
Kory,Arturo,Frank,kory.frank@yahoo.co.in,8-29-1987,6.58E+12,HJTSV3195Z,Kory Arturo Frank
Tami,Harley,Hayes,tami.hayes@gmail.com,12-18-1992,9.03E+12,UEZCS4847H,Tami Harley Hayes
Amanda,Everett,Carr,amanda.carr@gmail.com,5-27-1973,2.03E+12,RGQCJ9446E,Amanda Everett Carr
Stephen,August,Bauer,stephen.bauer@sbcglobal.net,6-13-1990,8.31E+12,KFOMY9034Y,Stephen August Bauer
Johnie,Herschel,Carney,johnie.carney@yahoo.com,06-07-1991,2.29E+12,XKTHP2232Z,Johnie Herschel Carney
Rebekah,Vincent,Hull,rebekah.hull@earthlink.net,1-25-1973,5.18E+12,FXUGB7396U,Rebekah Vincent Hull
Kelly,Loyd,Spence,kelly.spence@yahoo.co.uk,03-12-1972,5.69E+12,JEWXI4089I,Kelly Loyd Spence
Tracie,Branden,Estes,tracie.estes@hotmail.com,05-11-1982,5.00E+12,FRWTG3072D,Tracie Branden Estes
Bennett,Eric,Le,bennett.le@gmail.com,08-08-1982,6.04E+12,QAIJI9928G,Bennett Eric Le
Vernon,David,Bass,vernon.bass@aol.com,10-06-1962,6.77E+12,YOONI4247K,Vernon David Bass
Theron,Irwin,Sweet,theron.sweet@gmail.com,3-15-1995,1.92E+12,CWIBZ5776Y,Theron Irwin Sweet
Ernie,Keith,Holden,ernie.holden@yahoo.com,11-28-1983,2.05E+12,ZJCFA6014E,Ernie Keith Holden
Shawn,Abdul,Rasmussen,shawn.rasmussen@gmail.com,12-04-1978,4.10E+12,MBJXP5188M,Shawn Abdul Rasmussen
Enrique,Terrence,Adams,enrique.adams@rediffmail.com,12-14-1965,3.50E+12,JGTZN0575T,Enrique Terrence Adams
Ernie,Wyatt,Aguilar,ernie.aguilar@aol.com,08-08-1960,6.27E+12,GYZIN2389E,Ernie Wyatt Aguilar
Carolyn,Ernie,Donaldson,carolyn.donaldson@gmail.com,4-29-1960,2.39E+12,PWNEQ2172L,Carolyn Ernie Donaldson
Margie,Josh,Deleon,margie.deleon@sbcglobal.net,4-13-1979,5.95E+12,BLLGM8033F,Margie Josh Deleon
Keven,Dennis,Collins,keven.collins@gmail.com,07-12-1972,5.13E+12,JCOKZ9255Q,Keven Dennis Collins
Bruce,Dick,Colon,bruce.colon@microsoft.com,05-02-1972,6.30E+12,QLFKM5418T,Bruce Dick Colon
Kristen,Eric,Lott,kristen.lott@msn.com,07-06-1989,2.07E+12,FYTUX3070F,Kristen Eric Lott
Howard,Irving,Dodson,howard.dodson@gmail.com,2-25-1983,7.61E+12,ELTNS8274O,Howard Irving Dodson
Merle,Scott,Britt,merle.britt@aol.com,11-14-1977,3.94E+12,GZEVM6508W,Merle Scott Britt
Hector,Scottie,Bradley,hector.bradley@yahoo.com,10-09-1988,1.85E+12,NNFWH1175L,Hector Scottie Bradley
Darnell,Eloy,Spencer,darnell.spencer@aol.com,9-13-1969,9.38E+12,RPYFC0070H,Darnell Eloy Spencer
Janelle,Beau,William,janelle.william@hotmail.com,2-23-1971,8.97E+12,HSBQR1310R,Janelle Beau William
Eula,Josef,Atkinson,eula.atkinson@hotmail.com,05-06-1963,2.55E+12,UTMSK6477C,Eula Josef Atkinson
Theresa,Daryl,Bender,theresa.bender@gmail.com,2-27-1959,1.26E+12,WTSKU8490S,Theresa Daryl Bender
Kimberley,Julio,Jacobson,kimberley.jacobson@gmail.com,10-01-1989,7.59E+12,JUTWO3042S,Kimberley Julio Jacobson
Angelita,Johnny,Reyes,angelita.reyes@shaw.ca,6-16-1963,7.63E+12,OVTGB3775R,Angelita Johnny Reyes
Selma,Jared,Floyd,selma.floyd@hotmail.com,9-30-1993,7.94E+12,MGWSK8070M,Selma Jared Floyd
Edna,Donnell,Paul,edna.paul@yahoo.com,01-08-1960,6.58E+12,MJHLM4216O,Edna Donnell Paul
Dewayne,Jasper,Sheppard,dewayne.sheppard@gmail.com,11-12-1958,8.49E+12,VILXC4741I,Dewayne Jasper Sheppard
Gale,Clement,Rodriquez,gale.rodriquez@ibm.com,5-25-1961,5.66E+12,XXMPF1811K,Gale Clement Rodriquez
Cora,Orville,Blackburn,cora.blackburn@gmail.com,12-24-1963,4.64E+12,HICYL5022F,Cora Orville Blackburn
Annmarie,Doyle,Roth,annmarie.roth@outlook.com,10-16-1980,6.30E+12,BJQBT2388N,Annmarie Doyle Roth
Owen,Albert,Lopez,owen.lopez@hotmail.co.uk,11-10-1976,2.20E+12,DRYUF1370X,Owen Albert Lopez
Chrystal,Dorian,Pittman,chrystal.pittman@gmail.com,11-20-1966,9.95E+12,JJIFX9302Y,Chrystal Dorian Pittman
Thurman,Jessie,Daniel,thurman.daniel@gmail.com,4-14-1969,4.73E+12,LKLMX2779Y,Thurman Jessie Daniel
Darnell,Nelson,Hoffman,darnell.hoffman@rediffmail.com,4-17-1982,2.93E+12,ZQSOF0100F,Darnell Nelson Hoffman
Raymundo,Mitchel,Sims,raymundo.sims@aol.com,11-27-1963,1.08E+12,CYSQL4788Y,Raymundo Mitchel Sims
Frederick,Malcolm,Graham,frederick.graham@aol.com,12-22-1962,7.64E+12,VXRAZ9186X,Frederick Malcolm Graham
Natalie,Hershel,Marshall,natalie.marshall@outlook.com,12-24-1973,5.36E+12,SPCFZ3028T,Natalie Hershel Marshall
Thad,Shelton,Franklin,thad.franklin@charter.net,2-24-1994,1.59E+12,WWWVY1368C,Thad Shelton Franklin
Belinda,Efren,Trujillo,belinda.trujillo@btinternet.com,10-19-1991,8.77E+12,YRRGV5988X,Belinda Efren Trujillo
Rosanna,Ashley,Chase,rosanna.chase@yahoo.com,04-12-1972,2.10E+12,KRWZU4760W,Rosanna Ashley Chase
Wilda,Jonathon,Rios,wilda.rios@yahoo.com,11-04-1986,6.86E+12,URXDP3545P,Wilda Jonathon Rios
Alyssa,Quincy,Marquez,alyssa.marquez@gmail.com,5-26-1978,8.68E+12,OYUNE6196I,Alyssa Quincy Marquez
Liz,Bruno,Barry,liz.barry@gmail.com,09-02-1991,5.49E+12,KZGZQ2648G,Liz Bruno Barry
Mariano,Otis,Lloyd,mariano.lloyd@aol.com,08-02-1959,7.71E+12,GZBTW4431W,Mariano Otis Lloyd
Forest,Jack,Moss,forest.moss@yahoo.com,8-29-1963,2.61E+12,DWABK2372T,Forest Jack Moss
Gino,Eugenio,Sullivan,gino.sullivan@exxonmobil.com,11-20-1965,4.96E+12,NVHZG1035T,Gino Eugenio Sullivan
Jarred,Numbers,Bernard,jarred.bernard@hotmail.com,05-01-1968,1.59E+12,XMRUI4674B,Jarred Numbers Bernard
Preston,Emilio,Floyd,preston.floyd@bellsouth.net,3-21-1968,2.08E+12,FKAEI7080O,Preston Emilio Floyd
Clinton,Gregg,Farley,clinton.farley@sbcglobal.net,8-19-1982,8.83E+12,LWVWO9233R,Clinton Gregg Farley
Dana,Ezra,Hill,dana.hill@gmail.com,11-05-1958,6.75E+12,OASYD1785F,Dana Ezra Hill
Odell,Reuben,Bryan,odell.bryan@yahoo.co.in,10-20-1980,2.34E+12,ECAGH0289B,Odell Reuben Bryan
Tameka,Carlton,Atkinson,tameka.atkinson@hotmail.com,8-30-1983,2.02E+12,DQIQJ4576V,Tameka Carlton Atkinson
Dominique,Mark,Moreno,dominique.moreno@aol.com,01-08-1991,3.16E+12,DCIMP3685V,Dominique Mark Moreno
Abraham,Marcelino,Mayo,abraham.mayo@ibm.com,05-03-1989,7.89E+12,IASDD6765O,Abraham Marcelino Mayo
Augustus,Carter,Hines,augustus.hines@yahoo.com,11-27-1966,6.70E+12,EVTPU3031D,Augustus Carter Hines
Rene,Charley,Burks,rene.burks@rediffmail.com,01-01-1992,1.65E+12,AVELW5511O,Rene Charley Burks
Christian,Edward,Acevedo,christian.acevedo@outlook.com,7-21-1980,3.97E+12,TEWFC8818A,Christian Edward Acevedo
Major,Gino,Lucas,major.lucas@gmail.com,11-09-1982,6.88E+12,YCNAP1473Q,Major Gino Lucas
Frieda,Jamal,Hebert,frieda.hebert@ntlworld.com,8-23-1957,8.89E+12,ZAXGZ5718C,Frieda Jamal Hebert
Rachael,Carmine,Newman,rachael.newman@gmail.com,06-12-1960,1.09E+12,UXXHV8860H,Rachael Carmine Newman
Bernadine,Louie,Joseph,bernadine.joseph@gmail.com,12-01-1967,9.78E+12,GQMTG6667I,Bernadine Louie Joseph
Deanna,Reuben,Mccoy,deanna.mccoy@yahoo.com,09-08-1972,7.11E+12,SYMIZ8687P,Deanna Reuben Mccoy
Joseph,Lamont,Tucker,joseph.tucker@bp.com,10-03-1979,1.76E+12,CIEFL0939T,Joseph Lamont Tucker
Antwan,Randell,Richardson,antwan.richardson@hotmail.com,9-29-1973,5.29E+12,OICLX8042G,Antwan Randell Richardson
Harrison,Lionel,Ortega,harrison.ortega@exxonmobil.com,4-13-1975,8.45E+12,LQCSZ6263A,Harrison Lionel Ortega
Dylan,Sandy,Cantu,dylan.cantu@aol.com,07-01-1963,5.54E+12,YRUGP1606V,Dylan Sandy Cantu
Winston,Everett,Hewitt,winston.hewitt@bp.com,04-11-1958,1.61E+12,BOJIS1097Q,Winston Everett Hewitt
Serena,Alfredo,Marshall,serena.marshall@yahoo.com,11-01-1980,5.50E+12,GLSOZ4578I,Serena Alfredo Marshall
Maryann,Humberto,Vance,maryann.vance@sbcglobal.net,11-02-1971,6.05E+12,FJOXE5616F,Maryann Humberto Vance
Roxie,Yong,Mckay,roxie.mckay@gmail.com,10-14-1989,1.02E+12,UJWPE2491O,Roxie Yong Mckay
Sonny,Rich,Morin,sonny.morin@gmail.com,11-19-1969,8.32E+12,PLDEQ9650J,Sonny Rich Morin
Eduardo,Rafael,Burnett,eduardo.burnett@gmail.com,3-30-1970,6.60E+12,YCJNG0096W,Eduardo Rafael Burnett
Marietta,Johnathon,Watson,marietta.watson@gmail.com,3-25-1971,6.21E+12,FOZJL1898I,Marietta Johnathon Watson
Nettie,Raymundo,Preston,nettie.preston@gmail.com,6-26-1979,4.80E+12,YBVOA0320V,Nettie Raymundo Preston
Sandy,Hank,Gillespie,sandy.gillespie@yahoo.com,7-21-1989,5.20E+12,LPSKV9535H,Sandy Hank Gillespie
Christopher,Fritz,Peters,christopher.peters@exxonmobil.com,7-24-1989,6.29E+12,AZHWK0200Q,Christopher Fritz Peters
Felicia,Basil,Gilmore,felicia.gilmore@gmail.com,02-04-1973,3.96E+12,ZCLBU7774R,Felicia Basil Gilmore
Tyler,Brendan,Mercado,tyler.mercado@gmail.com,4-23-1968,4.63E+12,STRLY1674B,Tyler Brendan Mercado
Arline,Mac,Campbell,arline.campbell@gmail.com,12-28-1987,1.02E+12,ZWVIU8609K,Arline Mac Campbell
Margo,Gavin,Daniels,margo.daniels@gmail.com,1-26-1970,3.75E+12,ZLNXM5701U,Margo Gavin Daniels
Kareem,Courtney,Jimenez,kareem.jimenez@gmail.com,7-23-1982,8.90E+12,ZUHCI7498Q,Kareem Courtney Jimenez
Nanette,Odell,Lee,nanette.lee@aol.com,5-13-1963,9.28E+12,EXLNX5016P,Nanette Odell Lee
Myra,Leland,Franco,myra.franco@hotmail.com,02-11-1990,7.41E+12,CZBMU3340P,Myra Leland Franco
Luther,Eric,Harrell,luther.harrell@hotmail.com,1-28-1980,5.11E+12,TNLPB2446W,Luther Eric Harrell
Ramon,Sydney,Campbell,ramon.campbell@walmart.com,9-22-1990,6.84E+12,OVIUJ9422P,Ramon Sydney Campbell
Sallie,Benny,Huffman,sallie.huffman@walmart.com,08-11-1962,5.43E+12,KHFZG8543Y,Sallie Benny Huffman
Shirley,Salvatore,Herrera,shirley.herrera@gmail.com,08-04-1977,7.21E+12,BTCYO4767H,Shirley Salvatore Herrera
Corey,Milo,Harrell,corey.harrell@yahoo.com,7-23-1971,9.79E+12,WRZGN7634O,Corey Milo Harrell
Carrie,Jimmie,Keller,carrie.keller@gmail.com,03-12-1994,5.76E+12,ODOFK2212C,Carrie Jimmie Keller
Ofelia,Anderson,Rivers,ofelia.rivers@gmail.com,5-14-1974,7.27E+12,FWLFK5964O,Ofelia Anderson Rivers
Shelton,Jason,Harrison,shelton.harrison@yahoo.com,4-20-1986,7.89E+12,DGGFC6060S,Shelton Jason Harrison
Carlene,Cliff,Bernard,carlene.bernard@aol.com,7-21-1994,6.88E+12,BWFGA0744B,Carlene Cliff Bernard
Earline,Jeffry,Cherry,earline.cherry@bp.com,7-19-1975,9.11E+12,LHEMT8552P,Earline Jeffry Cherry
Kitty,Hung,Mathis,kitty.mathis@gmail.com,11-02-1958,8.54E+12,HYJTZ3054N,Kitty Hung Mathis
Lavonne,Larry,Carney,lavonne.carney@bp.com,11-24-1969,5.82E+12,HCQIX5583A,Lavonne Larry Carney
Reyna,Francis,Marks,reyna.marks@hotmail.com,10-10-1982,2.10E+12,CEQNL9345J,Reyna Francis Marks
Preston,Mark,Perez,preston.perez@yahoo.com,10-30-1961,8.39E+12,HEETS1132J,Preston Mark Perez
Isaac,Melvin,Cochran,isaac.cochran@charter.net,7-14-1964,2.97E+12,MFFZZ6506T,Isaac Melvin Cochran
Noe,Vince,Clay,noe.clay@bellsouth.net,3-22-1975,2.44E+12,VQICN0797H,Noe Vince Clay
Callie,Pasquale,Cohen,callie.cohen@aol.com,12-25-1967,5.68E+12,LGTKJ5998M,Callie Pasquale Cohen
Elliott,Buford,Marks,elliott.marks@aol.com,1-29-1966,4.59E+12,PPVHM0449Z,Elliott Buford Marks
Georgina,Myron,Lamb,georgina.lamb@gmail.com,11-09-1991,8.50E+12,GFCTO2022E,Georgina Myron Lamb
Frances,Mauro,May,frances.may@rediffmail.com,11-20-1966,8.86E+12,GILBC3976J,Frances Mauro May
Marc,Leo,Hurley,marc.hurley@gmail.com,7-21-1982,4.70E+12,HBNDN1100W,Marc Leo Hurley
Nathaniel,Ward,Bates,nathaniel.bates@exxonmobil.com,11-02-1967,7.81E+12,JKEKD5952O,Nathaniel Ward Bates
Colby,Parker,Holder,colby.holder@walmart.com,08-08-1973,1.84E+12,PEHVX4862K,Colby Parker Holder
Dee,Daniel,Love,dee.love@ibm.com,9-21-1963,1.37E+12,YFUGM3840Q,Dee Daniel Love
Willie,Gordon,Gibson,willie.gibson@gmail.com,01-09-1962,9.98E+12,VYMSU2961U,Willie Gordon Gibson
Alison,Charley,Walsh,alison.walsh@btinternet.com,08-12-1971,7.20E+12,KTCJP8014E,Alison Charley Walsh
Gena,Reinaldo,Holman,gena.holman@ntlworld.com,05-05-1989,5.95E+12,GFOBR5543E,Gena Reinaldo Holman
Tammy,Duncan,Casey,tammy.casey@gmail.com,4-14-1980,1.69E+12,APAZB5692Z,Tammy Duncan Casey
Shirley,Phil,Waller,shirley.waller@walmart.com,6-24-1959,7.62E+12,QTDIL6903P,Shirley Phil Waller
Joanna,Hiram,Poole,joanna.poole@bellsouth.net,5-25-1987,6.15E+12,PGXQB8844L,Joanna Hiram Poole
Amber,Philip,Mendoza,amber.mendoza@gmail.com,02-05-1973,1.03E+12,WAHDZ6310Q,Amber Philip Mendoza
Lourdes,Jason,Hull,lourdes.hull@hotmail.com,5-27-1968,2.58E+12,GHHBE9747U,Lourdes Jason Hull
Kim,Raymundo,England,kim.england@gmail.com,2-18-1970,6.08E+12,NXWSN4835N,Kim Raymundo England
Haley,Chester,Maddox,haley.maddox@gmail.com,3-13-1972,4.84E+12,RRDCE7608S,Haley Chester Maddox
Rory,Lamar,Atkins,rory.atkins@gmail.com,09-05-1966,9.98E+12,LRPKW2639S,Rory Lamar Atkins
Kathrine,Andy,Whitaker,kathrine.whitaker@yahoo.com,7-30-1992,3.54E+12,SGOSK1057R,Kathrine Andy Whitaker
Lou,Bob,Buckner,lou.buckner@gmail.com,10-29-1989,1.07E+12,PUDJO0496O,Lou Bob Buckner
Karla,Kent,Barrera,karla.barrera@gmail.com,6-16-1966,8.40E+12,NFMCN8790V,Karla Kent Barrera
Ava,Samuel,Kane,ava.kane@aol.com,04-10-1983,8.36E+12,JIWYC3961Q,Ava Samuel Kane
Roseann,Logan,Riley,roseann.riley@aol.com,8-17-1976,2.76E+12,UXXRE5779M,Roseann Logan Riley
Elizabeth,Carlos,Fernandez,elizabeth.fernandez@gmail.com,07-04-1995,9.05E+12,KFMHD3594W,Elizabeth Carlos Fernandez
Flora,Scotty,Decker,flora.decker@aol.com,8-20-1957,9.99E+12,GPDBO9500V,Flora Scotty Decker
Shannon,Rodolfo,Parker,shannon.parker@yahoo.com,12-17-1987,6.70E+12,QXEHC3742B,Shannon Rodolfo Parker
James,Romeo,Cain,james.cain@gmail.com,01-04-1996,6.44E+12,LGHXT9921U,James Romeo Cain
Craig,Darren,Roberts,craig.roberts@yahoo.co.uk,9-26-1964,1.98E+12,MKRHG5190I,Craig Darren Roberts
Celina,Archie,Huffman,celina.huffman@aol.com,8-25-1977,9.66E+12,KXMSE1661V,Celina Archie Huffman
Jimmie,Jamel,Burnett,jimmie.burnett@microsoft.com,2-23-1995,2.60E+12,RZIMP1537P,Jimmie Jamel Burnett
Faye,Carmen,Barrett,faye.barrett@sbcglobal.net,07-02-1985,1.47E+12,GOVMN9192U,Faye Carmen Barrett
Gena,Landon,Bradley,gena.bradley@gmail.com,2-17-1973,6.99E+12,CDWBL7458M,Gena Landon Bradley
Deandre,Elias,Good,deandre.good@aol.com,6-13-1966,9.14E+12,QAGGK8386B,Deandre Elias Good
Garland,Myron,Ayers,garland.ayers@ibm.com,2-15-1971,8.86E+12,JDGGW3501H,Garland Myron Ayers
Jerrod,Spencer,Bell,jerrod.bell@yahoo.com,7-20-1992,7.27E+12,YHTUG2333J,Jerrod Spencer Bell
Alexis,Shirley,Holland,alexis.holland@aol.com,12-25-1979,2.34E+12,IKGXY7472U,Alexis Shirley Holland
Deidre,Jeffry,Barrett,deidre.barrett@yahoo.com,5-28-1986,6.32E+12,XFKDB4343E,Deidre Jeffry Barrett
Fred,Mary,Hoffman,fred.hoffman@microsoft.com,07-01-1970,4.17E+12,NLIDH1010T,Fred Mary Hoffman
Effie,Guillermo,Santana,effie.santana@yahoo.com,11-25-1962,6.63E+12,SNMFQ9050F,Effie Guillermo Santana
Juliette,Martin,Mosley,juliette.mosley@hotmail.com,09-02-1964,7.18E+12,IFDXF3853V,Juliette Martin Mosley
Susan,Louis,Schwartz,susan.schwartz@gmail.com,12-11-1968,1.80E+12,QYLDJ1958R,Susan Louis Schwartz
Richie,Karl,Downs,richie.downs@cox.net,10-12-1960,5.86E+12,YCSBK6222I,Richie Karl Downs
Winston,Luke,Griffin,winston.griffin@gmail.com,12-06-1993,9.75E+12,TFELQ1128Q,Winston Luke Griffin
Sammy,Andy,Mills,sammy.mills@yahoo.com,2-26-1985,3.83E+12,WGYIG0065I,Sammy Andy Mills
Gracie,Alfredo,Mosley,gracie.mosley@yahoo.co.uk,11-29-1967,3.80E+12,ZHITP6890V,Gracie Alfredo Mosley
Manuel,Wilford,Bentley,manuel.bentley@yahoo.com,10-25-1958,1.37E+12,VAVZI6523U,Manuel Wilford Bentley
Roberto,William,Hogan,roberto.hogan@aol.com,5-24-1964,9.77E+12,BALCV7651V,Roberto William Hogan
Wilma,Eli,Gray,wilma.gray@gmail.com,7-31-1963,9.75E+12,KMRVB6712N,Wilma Eli Gray
Roderick,Sal,Perry,roderick.perry@gmail.com,2-27-1984,6.58E+12,SJRRB5108S,Roderick Sal Perry
Mayra,Clyde,Bowen,mayra.bowen@gmail.com,4-22-1972,2.71E+12,EAIFT4723X,Mayra Clyde Bowen
Andres,Micah,Alexander,andres.alexander@yahoo.com,8-21-1982,3.55E+12,JYYNC8021P,Andres Micah Alexander
Quentin,Norman,Carney,quentin.carney@gmail.com,08-05-1978,3.63E+12,HBYNE6504B,Quentin Norman Carney
Adrian,Lamar,Dunlap,adrian.dunlap@hotmail.com,1-16-1985,7.41E+12,ZLROK4864T,Adrian Lamar Dunlap
Lelia,Rodolfo,Sawyer,lelia.sawyer@gmail.com,05-05-1980,7.46E+12,IVUOJ7861S,Lelia Rodolfo Sawyer
Tad,Shelby,Patrick,tad.patrick@yahoo.co.in,05-07-1977,9.64E+12,XUSNZ6859A,Tad Shelby Patrick
Pansy,Zachary,Macdonald,pansy.macdonald@gmail.com,1-19-1973,5.69E+12,NRUSB3191L,Pansy Zachary Macdonald
Agustin,Julian,Gentry,agustin.gentry@aol.com,11-27-1962,3.47E+12,XXZJI0576T,Agustin Julian Gentry
Riley,Erwin,Conley,riley.conley@gmail.com,11-06-1991,5.86E+12,AZIFU9172M,Riley Erwin Conley
Bernard,Buddy,Leach,bernard.leach@sbcglobal.net,11-18-1989,6.54E+12,GFKBL2981H,Bernard Buddy Leach
Lonnie,Adolph,Gonzales,lonnie.gonzales@aol.com,05-12-1968,4.26E+12,HWHRI3165X,Lonnie Adolph Gonzales
Courtney,Augustine,Barnes,courtney.barnes@ntlworld.com,07-03-1993,5.68E+12,ZOHEK2158F,Courtney Augustine Barnes
Eliza,Alphonso,Odonnell,eliza.odonnell@msn.com,2-15-1987,1.14E+12,ISRBU4975B,Eliza Alphonso Odonnell
Jody,Bennett,Mejia,jody.mejia@verizon.net,11-22-1959,9.11E+12,SENVE7772V,Jody Bennett Mejia
Pam,Guy,Stuart,pam.stuart@gmail.com,1-20-1967,5.60E+12,NMHRO7764P,Pam Guy Stuart
Trevor,Frankie,Romero,trevor.romero@gmail.com,09-09-1982,9.72E+12,BFYAW3394V,Trevor Frankie Romero
Tamara,Alexander,Perez,tamara.perez@aol.com,4-25-1976,9.45E+12,QUKPW9525P,Tamara Alexander Perez
Bonita,Marc,Dixon,bonita.dixon@gmail.com,09-02-1978,3.55E+12,YBALC8761W,Bonita Marc Dixon
Raphael,Jonah,Durham,raphael.durham@bp.com,04-08-1972,2.18E+12,RNITB2354D,Raphael Jonah Durham
Rosanne,Isiah,Mendoza,rosanne.mendoza@shell.com,9-22-1958,6.98E+12,BRKWW5466X,Rosanne Isiah Mendoza
Ola,Zachariah,Hays,ola.hays@exxonmobil.com,12-02-1979,3.36E+12,TKOAA7819Z,Ola Zachariah Hays
Genevieve,Sebastian,Finley,genevieve.finley@charter.net,11-07-1957,6.83E+12,KQXSB9956F,Genevieve Sebastian Finley
Lamont,Ali,Albert,lamont.albert@yahoo.com,04-09-1968,4.23E+12,DWFFO5521Q,Lamont Ali Albert
Margie,Russel,Vincent,margie.vincent@ibm.com,11-04-1974,7.76E+12,LGUDO7677C,Margie Russel Vincent
Terrell,Josue,Sears,terrell.sears@yahoo.co.uk,4-27-1970,3.50E+12,HUVLC2470O,Terrell Josue Sears
Edna,Thurman,Riddle,edna.riddle@walmart.com,9-20-1960,1.39E+12,AUBFA1029J,Edna Thurman Riddle
Lindsey,Rusty,Griffin,lindsey.griffin@gmail.com,11-26-1978,4.02E+12,LDERO9375C,Lindsey Rusty Griffin
Lorrie,Alexis,Sears,lorrie.sears@gmail.com,10-27-1972,4.43E+12,YXYPO7108W,Lorrie Alexis Sears
Denver,Hugo,Mays,denver.mays@charter.net,3-26-1969,9.15E+12,NNDAU8398K,Denver Hugo Mays
Daisy,Lenard,Giles,daisy.giles@yahoo.ca,10-30-1987,1.79E+12,KCJDH3441Y,Daisy Lenard Giles
Esperanza,Sidney,Wade,esperanza.wade@gmail.com,2-26-1970,8.10E+12,ENHKM5971S,Esperanza Sidney Wade
Janice,Deon,Berg,janice.berg@gmail.com,5-25-1958,3.14E+12,HFHQY2961B,Janice Deon Berg
Helene,Theron,Gallegos,helene.gallegos@gmail.com,3-28-1989,2.48E+12,CCXKS9585B,Helene Theron Gallegos
Rosario,Shane,Tyson,rosario.tyson@gmail.com,6-25-1996,9.07E+12,KCQRE3180C,Rosario Shane Tyson
Teresa,Richie,Bowen,teresa.bowen@ibm.com,08-02-1986,1.38E+12,MZIWJ7771V,Teresa Richie Bowen
Janna,Rodney,Joseph,janna.joseph@gmail.com,9-29-1981,2.31E+12,UGPKU5096I,Janna Rodney Joseph
Erika,Bret,Myers,erika.myers@gmail.com,4-26-1975,8.64E+12,ZLCON3528T,Erika Bret Myers
Mohamed,George,Fitzgerald,mohamed.fitzgerald@aol.com,3-24-1959,2.42E+12,JTXTK7675X,Mohamed George Fitzgerald
Mohammad,Burt,Downs,mohammad.downs@gmail.com,11-28-1975,5.51E+12,MNNJL3600G,Mohammad Burt Downs
Felipe,Stephan,Vance,felipe.vance@gmail.com,2-15-1962,8.88E+12,HHWOL3923S,Felipe Stephan Vance
Rusty,Garland,Moran,rusty.moran@aol.com,3-29-1980,3.43E+12,TADIP5955X,Rusty Garland Moran
Kirsten,Mitchel,Wolf,kirsten.wolf@aol.com,04-05-1961,3.19E+12,JYJBG7859H,Kirsten Mitchel Wolf
Mercedes,Giovanni,Glass,mercedes.glass@ntlworld.com,5-29-1964,8.58E+12,BBZNF3609F,Mercedes Giovanni Glass
Kenya,Dante,Merrill,kenya.merrill@apple.com,03-01-1980,5.43E+12,EKHVL6557R,Kenya Dante Merrill
Laurence,Pablo,Camacho,laurence.camacho@gmail.com,03-10-1989,8.00E+12,ZFPOI6767N,Laurence Pablo Camacho
Shirley,Nickolas,Potter,shirley.potter@yahoo.ca,1-31-1986,1.42E+12,WSYEL7351L,Shirley Nickolas Potter
Ricky,Mitchell,Snider,ricky.snider@gmail.com,6-29-1959,2.24E+12,YXGYU9351R,Ricky Mitchell Snider
Jerry,Vance,Jacobs,jerry.jacobs@gmail.com,7-28-1985,9.74E+12,TWSVW8457S,Jerry Vance Jacobs
Melva,Gail,Payne,melva.payne@bellsouth.net,03-12-1978,5.44E+12,ZPLJG6114S,Melva Gail Payne
Josef,Jerald,Lamb,josef.lamb@gmail.com,12-16-1973,9.59E+12,BGGTR4621D,Josef Jerald Lamb
Ellen,Dominique,Bird,ellen.bird@sbcglobal.net,03-01-1969,1.12E+12,LCRYG6419S,Ellen Dominique Bird
Lydia,Clair,Lindsey,lydia.lindsey@comcast.net,07-01-1972,3.65E+12,VFBEZ0756P,Lydia Clair Lindsey
Becky,Gerardo,Bolton,becky.bolton@gmail.com,8-18-1972,2.30E+12,LMRJU9172I,Becky Gerardo Bolton
Edna,Jerald,Petersen,edna.petersen@gmail.com,4-29-1958,5.27E+12,OXETX9946B,Edna Jerald Petersen
Yong,Charley,Poole,yong.poole@sbcglobal.net,7-26-1982,6.01E+12,KOJIT2302M,Yong Charley Poole
Shannon,Joseph,Singleton,shannon.singleton@yahoo.co.in,1-27-1960,2.68E+12,GMOLT4842C,Shannon Joseph Singleton
Benny,Art,Smith,benny.smith@gmail.com,9-22-1988,5.57E+12,RUSOX2299Y,Benny Art Smith
Rhea,Young,Faulkner,rhea.faulkner@charter.net,05-09-1968,1.97E+12,UIBGC8699W,Rhea Young Faulkner
Tracy,Orval,Sparks,tracy.sparks@hotmail.co.uk,06-07-1989,7.43E+12,GFGQD3763T,Tracy Orval Sparks
Wilburn,Alfred,Atkins,wilburn.atkins@btinternet.com,11-25-1972,3.38E+12,OZWMI1383Y,Wilburn Alfred Atkins
Frank,Forest,Larson,frank.larson@charter.net,2-15-1975,1.86E+12,CEVEQ8818G,Frank Forest Larson
Barton,Gilberto,Mullen,barton.mullen@apple.com,6-30-1970,3.70E+12,EQEDE0214R,Barton Gilberto Mullen
Max,Newton,Barrera,max.barrera@shell.com,8-19-1960,3.10E+12,IQXDU7468V,Max Newton Barrera
Eliseo,Gino,Wilkerson,eliseo.wilkerson@hotmail.com,08-12-1982,2.75E+12,MOBPB4626C,Eliseo Gino Wilkerson
Lynne,Doyle,Vinson,lynne.vinson@hotmail.com,3-30-1988,3.38E+12,MALIC2184O,Lynne Doyle Vinson
Maude,Cedric,Jackson,maude.jackson@sbcglobal.net,11-28-1965,5.10E+12,JGACJ3835W,Maude Cedric Jackson
Kathryn,Jackie,Sargent,kathryn.sargent@aol.com,7-25-1984,6.41E+12,YOBOZ9731F,Kathryn Jackie Sargent
Dan,Darwin,William,dan.william@gmail.com,4-22-1966,4.04E+12,WRGCZ9862I,Dan Darwin William
Tanisha,Leroy,Lester,tanisha.lester@ibm.com,12-11-1977,5.78E+12,LEGML1411X,Tanisha Leroy Lester
Kitty,Gilbert,Clay,kitty.clay@yahoo.ca,12-25-1970,1.04E+12,PRWXH3818R,Kitty Gilbert Clay
Kent,Clifford,Jackson,kent.jackson@exxonmobil.com,11-05-1974,3.03E+12,DKOEX4088C,Kent Clifford Jackson
Ashlee,Theodore,Gardner,ashlee.gardner@gmail.com,1-13-1965,2.84E+12,XZNWG3249C,Ashlee Theodore Gardner
Felecia,Santos,Sparks,felecia.sparks@gmail.com,11-21-1962,8.04E+12,CZOQF6886I,Felecia Santos Sparks
Horace,Randal,Rasmussen,horace.rasmussen@gmail.com,11-11-1958,3.82E+12,AYOZF6799N,Horace Randal Rasmussen
Rickie,Jerome,Gilmore,rickie.gilmore@gmail.com,8-17-1962,2.74E+12,OPYXC1366M,Rickie Jerome Gilmore
Maria,Alton,Chavez,maria.chavez@gmail.com,05-10-1986,6.00E+12,MUEGD2542Y,Maria Alton Chavez
Michael,Solomon,West,michael.west@aol.com,02-09-1972,9.60E+12,ZLDMQ0349V,Michael Solomon West
Paula,Trey,Pacheco,paula.pacheco@rediffmail.com,11-15-1995,4.79E+12,ZRRBI6823D,Paula Trey Pacheco
Rick,Monty,Sawyer,rick.sawyer@earthlink.net,03-09-1960,4.52E+12,QNHHE4377O,Rick Monty Sawyer
Ramiro,Clement,Rojas,ramiro.rojas@ntlworld.com,11-02-1984,1.18E+12,OWZYU8106P,Ramiro Clement Rojas
Benny,Octavio,Stephenson,benny.stephenson@apple.com,07-04-1986,4.63E+12,UVUKR3077J,Benny Octavio Stephenson
Beryl,Ed,Nelson,beryl.nelson@gmail.com,03-02-1988,9.78E+12,REKBP7340G,Beryl Ed Nelson
Bernice,Edwardo,Conrad,bernice.conrad@aol.com,5-29-1980,6.32E+12,JDLPW9147Q,Bernice Edwardo Conrad
Bud,Adolph,Knowles,bud.knowles@hotmail.com,07-07-1959,2.50E+12,LKALI9165N,Bud Adolph Knowles
Anita,Jefferson,Pratt,anita.pratt@gmail.com,5-17-1958,4.77E+12,ORHSD2147T,Anita Jefferson Pratt
Kareem,Caleb,Fuentes,kareem.fuentes@hotmail.com,1-22-1974,7.74E+12,BQSJZ1646D,Kareem Caleb Fuentes
Curtis,Sherman,Hoover,curtis.hoover@gmail.com,4-28-1978,8.38E+12,FGRFE2378E,Curtis Sherman Hoover
Tamika,Andy,Rosa,tamika.rosa@walmart.com,05-10-1973,5.94E+12,QIQPG6672M,Tamika Andy Rosa
Carmelo,Johnnie,Scott,carmelo.scott@yahoo.co.uk,10-09-1986,7.26E+12,TCXMJ8874X,Carmelo Johnnie Scott
Rebecca,Dillon,Moon,rebecca.moon@rediffmail.com,08-06-1987,7.76E+12,OTZVF7170G,Rebecca Dillon Moon
Pearlie,Vito,Bryant,pearlie.bryant@gmail.com,07-09-1987,5.38E+12,QWDGD4068P,Pearlie Vito Bryant
Donovan,Benjamin,Russo,donovan.russo@hotmail.com,11-22-1977,6.99E+12,PINCJ3691W,Donovan Benjamin Russo
Robt,Rusty,Ramsey,robt.ramsey@comcast.net,3-24-1986,1.55E+12,VDRVP2073F,Robt Rusty Ramsey
Lacy,Roger,Rowe,lacy.rowe@gmail.com,02-12-1961,3.94E+12,RSQAM5084K,Lacy Roger Rowe
Rosemary,Damien,Vaughn,rosemary.vaughn@aol.com,9-24-1983,5.12E+12,ZXZOP4881V,Rosemary Damien Vaughn
Lon,Royal,Martin,lon.martin@hotmail.co.uk,08-05-1988,7.80E+12,KTMUK8867K,Lon Royal Martin
Grace,Marcos,Dejesus,grace.dejesus@yahoo.co.uk,1-25-1979,9.22E+12,TKWZJ3683E,Grace Marcos Dejesus
Felix,Ben,Haynes,felix.haynes@aol.com,08-12-1978,5.52E+12,WVKNT2733H,Felix Ben Haynes
Beatriz,Roscoe,Pugh,beatriz.pugh@aol.com,04-12-1982,5.35E+12,PHMJL7541V,Beatriz Roscoe Pugh
Louisa,Roland,Wallace,louisa.wallace@shaw.ca,06-11-1987,8.30E+12,JZRCX2779M,Louisa Roland Wallace
Aubrey,Kenneth,Myers,aubrey.myers@hotmail.com,12-27-1958,7.42E+12,PTZSE4975K,Aubrey Kenneth Myers
Reyna,Cyrus,Mccoy,reyna.mccoy@hotmail.com,5-22-1983,6.59E+12,OMNMV2967T,Reyna Cyrus Mccoy
Rusty,Mauro,Fletcher,rusty.fletcher@gmail.com,08-09-1979,6.90E+12,HFFFZ6815L,Rusty Mauro Fletcher
Houston,Jason,Morris,houston.morris@verizon.net,5-19-1981,4.64E+12,QLCIW6073T,Houston Jason Morris
Edwardo,Dudley,Stone,edwardo.stone@gmail.com,07-05-1988,8.16E+12,DVEKK7842P,Edwardo Dudley Stone
Clifton,Shelby,Langley,clifton.langley@verizon.net,06-07-1992,1.45E+12,WQWRE9504H,Clifton Shelby Langley
Amparo,Karl,Campos,amparo.campos@gmail.com,10-04-1972,7.59E+12,CHKGF3134I,Amparo Karl Campos
Martha,Ronnie,Schmidt,martha.schmidt@aol.com,11-02-1982,3.06E+12,GKJFO7329W,Martha Ronnie Schmidt
Charmaine,Don,Hawkins,charmaine.hawkins@yahoo.com,08-07-1984,1.89E+12,WBTAY8157A,Charmaine Don Hawkins
Jayne,Harry,Thomas,jayne.thomas@hotmail.com,01-09-1960,3.49E+12,GFVNP0390V,Jayne Harry Thomas
Bryce,Hugo,Cox,bryce.cox@gmail.com,11-20-1978,9.81E+12,NPODG1925W,Bryce Hugo Cox
Beatrice,Vaughn,Lawson,beatrice.lawson@hotmail.com,3-26-1990,8.97E+12,UYBPA5472A,Beatrice Vaughn Lawson
Alphonse,Vincent,Torres,alphonse.torres@btinternet.com,01-07-1972,1.84E+12,NRFKY2766V,Alphonse Vincent Torres
Rae,Rico,Peck,rae.peck@gmail.com,1-23-1992,9.93E+12,IDMDB4321C,Rae Rico Peck
Dona,Elias,Maxwell,dona.maxwell@gmail.com,10-09-1976,4.83E+12,DIWNP4105D,Dona Elias Maxwell
David,Eloy,Meyer,david.meyer@shaw.ca,6-27-1968,8.94E+12,BTCUT9393Z,David Eloy Meyer
Clara,Chuck,Harrington,clara.harrington@gmail.com,11-15-1985,6.14E+12,BUMLB5840Y,Clara Chuck Harrington
Harlan,Clarence,Vaughan,harlan.vaughan@bp.com,10-29-1975,1.61E+12,NWYZU9520A,Harlan Clarence Vaughan
Wanda,Desmond,Lester,wanda.lester@gmail.com,4-15-1965,5.58E+12,KWGOL7943C,Wanda Desmond Lester
Keri,Roland,Buchanan,keri.buchanan@hotmail.co.uk,6-16-1985,9.03E+12,NUUGP0150I,Keri Roland Buchanan
Wilfred,Eddy,Charles,wilfred.charles@btinternet.com,3-13-1974,2.43E+12,NBVRT1293I,Wilfred Eddy Charles
Lynn,Hector,Howe,lynn.howe@gmail.com,3-19-1989,1.19E+12,XMHAT6816H,Lynn Hector Howe
Faye,Doyle,Mercer,faye.mercer@yahoo.com,11-25-1982,5.03E+12,ZESRY3964C,Faye Doyle Mercer
Bennie,Augustine,Melendez,bennie.melendez@yahoo.com,7-23-1958,1.94E+12,ZOIYI7797W,Bennie Augustine Melendez
Scotty,Darwin,Ellis,scotty.ellis@hotmail.com,4-25-1973,1.25E+12,XYYZU0060M,Scotty Darwin Ellis
Grady,Rufus,Herman,grady.herman@yahoo.ca,06-10-1969,2.18E+12,XTNQT5259M,Grady Rufus Herman
Eula,Howard,Aguirre,eula.aguirre@exxonmobil.com,3-28-1971,4.01E+12,CVIRZ8505Y,Eula Howard Aguirre
Nita,Rodger,Adams,nita.adams@hotmail.com,02-02-1986,2.98E+12,AWSDM7175V,Nita Rodger Adams
Zachery,Deon,Harvey,zachery.harvey@walmart.com,6-13-1971,1.52E+12,VOFWV1941G,Zachery Deon Harvey
Scot,Landon,Faulkner,scot.faulkner@bp.com,5-22-1966,8.80E+12,ZEGEQ1409F,Scot Landon Faulkner
Mia,Sergio,Joseph,mia.joseph@hotmail.co.uk,6-20-1989,2.37E+12,OHUXI5715G,Mia Sergio Joseph
Hung,Dominic,Herman,hung.herman@gmail.com,12-13-1976,7.68E+12,WNKVV7013K,Hung Dominic Herman
Genevieve,Chance,Bradshaw,genevieve.bradshaw@gmail.com,03-04-1967,2.04E+12,WDCZC4935O,Genevieve Chance Bradshaw
Alec,Leland,Brown,alec.brown@cox.net,3-17-1967,1.17E+12,YWNRZ9896F,Alec Leland Brown
Pasquale,Jaime,Knight,pasquale.knight@yahoo.co.uk,12-15-1960,6.04E+12,OMWAU5943I,Pasquale Jaime Knight
Sheri,Rupert,Whitley,sheri.whitley@bp.com,12-06-1981,5.90E+12,FAMOA5194E,Sheri Rupert Whitley
Mauro,Malcolm,Marshall,mauro.marshall@gmail.com,11-23-1988,6.19E+12,LYIDJ2997C,Mauro Malcolm Marshall
Cristina,Santiago,Grimes,cristina.grimes@yahoo.com,10-07-1993,3.43E+12,KWXSQ0620O,Cristina Santiago Grimes
Raul,Terence,Frost,raul.frost@hotmail.com,7-28-1965,5.02E+12,QDNYO6713C,Raul Terence Frost
Amparo,Laurence,Dixon,amparo.dixon@charter.net,05-11-1979,8.52E+12,NEWMJ7202T,Amparo Laurence Dixon
Efrain,Emery,Carney,efrain.carney@yahoo.com,6-17-1958,3.49E+12,CYLUX5323G,Efrain Emery Carney
Stacey,Sonny,Workman,stacey.workman@gmail.com,3-26-1966,5.57E+12,OVYTT2849Y,Stacey Sonny Workman
Leon,Joesph,Mcgowan,leon.mcgowan@hotmail.com,05-11-1986,9.22E+12,XTJNP9319B,Leon Joesph Mcgowan
Vonda,Allan,Johns,vonda.johns@aol.com,07-09-1972,1.54E+12,BLMEB8017Y,Vonda Allan Johns
Jorge,Steve,Wright,jorge.wright@cox.net,6-14-1983,4.75E+12,PTRYT1736X,Jorge Steve Wright
Brandy,Mitchell,Bean,brandy.bean@ntlworld.com,5-20-1995,4.95E+12,OIEOB5615Y,Brandy Mitchell Bean
Lakeisha,Marshall,Bowman,lakeisha.bowman@hotmail.com,12-30-1967,1.54E+12,SLCNX8844Q,Lakeisha Marshall Bowman
Ernestine,Houston,Lambert,ernestine.lambert@msn.com,3-13-1970,1.83E+12,BGCGX5444O,Ernestine Houston Lambert
Julius,Emory,Gardner,julius.gardner@btinternet.com,12-02-1986,4.74E+12,XQMVI5179B,Julius Emory Gardner
Naomi,Joe,Jacobs,naomi.jacobs@hotmail.com,5-14-1973,4.29E+12,TADPB5178Q,Naomi Joe Jacobs
Sydney,Jimmie,Frederick,sydney.frederick@bellsouth.net,03-07-1992,1.64E+12,MTPTF8441K,Sydney Jimmie Frederick
Clifton,Basil,Tyson,clifton.tyson@gmail.com,2-23-1967,8.01E+12,URKKQ5644Z,Clifton Basil Tyson
Consuelo,Randall,Hamilton,consuelo.hamilton@gmail.com,9-29-1960,1.20E+12,ZHDPP7794N,Consuelo Randall Hamilton
Aldo,Vance,Jarvis,aldo.jarvis@aol.com,12-14-1982,6.95E+12,TLSLE0629S,Aldo Vance Jarvis
Deidre,Chuck,Anthony,deidre.anthony@yahoo.co.uk,4-28-1985,5.46E+12,CQVVN1053H,Deidre Chuck Anthony
Maura,Dante,Delaney,maura.delaney@yahoo.com,8-17-1963,9.60E+12,CRRXW3214C,Maura Dante Delaney
Claudine,Carroll,Landry,claudine.landry@cox.net,02-07-1985,4.50E+12,XMCSQ4685D,Claudine Carroll Landry
Silvia,Bryan,Ortega,silvia.ortega@hotmail.com,3-25-1966,3.15E+12,BFSEO2755T,Silvia Bryan Ortega
Gilda,Hugo,Dillon,gilda.dillon@msn.com,11-17-1971,9.91E+12,MZRPS2255R,Gilda Hugo Dillon
Mai,Antony,Jennings,mai.jennings@gmail.com,11-04-1984,8.86E+12,ZVJPV1645A,Mai Antony Jennings
Cecilia,Randall,Dawson,cecilia.dawson@yahoo.com,2-19-1975,7.53E+12,VTLIA7468A,Cecilia Randall Dawson
Wilburn,Johnny,Rowe,wilburn.rowe@yahoo.com,12-13-1977,8.93E+12,UNXQB9767M,Wilburn Johnny Rowe
Delbert,Jerrod,Cooley,delbert.cooley@shell.com,11-27-1976,2.15E+12,GLZHB6913D,Delbert Jerrod Cooley
Vincent,Guillermo,Case,vincent.case@yahoo.com,7-19-1983,8.70E+12,XRCDZ5953D,Vincent Guillermo Case
Orlando,Omar,Wilkerson,orlando.wilkerson@hotmail.com,04-05-1973,5.14E+12,LUYYK5148J,Orlando Omar Wilkerson
Isiah,Cliff,Hubbard,isiah.hubbard@hotmail.com,2-28-1971,1.12E+12,GBANV0117M,Isiah Cliff Hubbard
Jeanine,Albert,Ratliff,jeanine.ratliff@gmail.com,8-14-1967,8.78E+12,TRADI0940H,Jeanine Albert Ratliff
Damien,Hershel,Middleton,damien.middleton@bp.com,06-06-1976,3.77E+12,VSOYN2422B,Damien Hershel Middleton
Fern,Ulysses,Burris,fern.burris@aol.com,10-15-1973,9.22E+12,ASULG6171L,Fern Ulysses Burris
Katy,Sal,Glass,katy.glass@charter.net,08-09-1972,4.64E+12,REAJC6757R,Katy Sal Glass
Nikki,Terrence,Bean,nikki.bean@gmail.com,10-14-1989,5.86E+12,GYXBU2706Q,Nikki Terrence Bean
Norris,Stephan,Alvarez,norris.alvarez@charter.net,8-29-1985,4.70E+12,HDZEW4067D,Norris Stephan Alvarez
Reinaldo,Dillon,Eaton,reinaldo.eaton@gmail.com,5-20-1981,8.19E+12,OBQDV6234B,Reinaldo Dillon Eaton
Eddie,Quinton,Irwin,eddie.irwin@hotmail.com,04-08-1985,3.22E+12,UCQUL7486E,Eddie Quinton Irwin
Denise,Micheal,Swanson,denise.swanson@aol.com,05-06-1992,5.70E+12,TVRKU2276Y,Denise Micheal Swanson
Sasha,Guillermo,Beard,sasha.beard@gmail.com,06-05-1980,9.46E+12,VMWVY2486P,Sasha Guillermo Beard
Josh,Lavern,Tucker,josh.tucker@hotmail.com,7-28-1991,9.24E+12,XOQDP9253K,Josh Lavern Tucker
Rodger,Rodolfo,Roach,rodger.roach@apple.com,11-25-1968,4.22E+12,ABIEY5665E,Rodger Rodolfo Roach
Miles,Vito,Mcdaniel,miles.mcdaniel@gmail.com,10-29-1963,6.26E+12,DLOIT9002I,Miles Vito Mcdaniel
Erin,Truman,French,erin.french@hotmail.com,5-18-1974,4.04E+12,VOEGH6588B,Erin Truman French
Rosalind,Horacio,Booth,rosalind.booth@shaw.ca,04-04-1971,7.93E+12,VCFUN3295H,Rosalind Horacio Booth
Lenard,Christoper,Conner,lenard.conner@gmail.com,06-04-1976,2.52E+12,BVYUC8154D,Lenard Christoper Conner
Wilson,Kim,Mcmillan,wilson.mcmillan@msn.com,10-17-1990,6.12E+12,LCZBU2804Q,Wilson Kim Mcmillan
Harley,Clay,Murphy,harley.murphy@yahoo.com,2-23-1967,9.61E+12,IASFP5451L,Harley Clay Murphy
Carrie,Lemuel,Ramsey,carrie.ramsey@gmail.com,2-20-1995,9.45E+12,DCDEY9543C,Carrie Lemuel Ramsey
Esteban,Andre,Finch,esteban.finch@walmart.com,7-23-1978,3.07E+12,XOPRC9977U,Esteban Andre Finch
Merle,Jess,Martin,merle.martin@gmail.com,7-23-1965,8.61E+12,ZHAPU2907X,Merle Jess Martin
Joanna,Lawrence,Rodriquez,joanna.rodriquez@gmail.com,11-09-1963,8.97E+12,OYVTG3055U,Joanna Lawrence Rodriquez
Cyrus,Mervin,Gardner,cyrus.gardner@gmail.com,5-13-1992,5.85E+12,DGNTL4646O,Cyrus Mervin Gardner
Mariana,Isidro,Mcneil,mariana.mcneil@aol.com,3-25-1961,6.68E+12,NLYJN8692J,Mariana Isidro Mcneil
Fletcher,Thurman,Hardin,fletcher.hardin@btinternet.com,5-24-1995,3.26E+12,WFHLN9809X,Fletcher Thurman Hardin
Edwin,Aubrey,Brock,edwin.brock@gmail.com,08-05-1994,6.12E+12,LJPJV3544K,Edwin Aubrey Brock
Noreen,Angelo,Bray,noreen.bray@gmail.com,11-23-1960,2.00E+12,MUKGF8299Y,Noreen Angelo Bray
Ollie,Willis,Woods,ollie.woods@aol.com,1-26-1984,9.57E+12,QXKIG4120V,Ollie Willis Woods
Cleveland,Reid,Kirkland,cleveland.kirkland@gmail.com,4-22-1993,8.71E+12,LLBXU7022T,Cleveland Reid Kirkland
Arron,Darwin,Olsen,arron.olsen@shaw.ca,01-01-1978,4.87E+12,JZOTC8762X,Arron Darwin Olsen
Elijah,Cory,Garrison,elijah.garrison@gmail.com,01-01-1987,5.57E+12,WPKGF3688J,Elijah Cory Garrison
Allie,Steven,Landry,allie.landry@ntlworld.com,01-07-1966,2.41E+12,UOAJB7630Z,Allie Steven Landry
Janie,Marshall,Cooke,janie.cooke@gmail.com,05-12-1970,8.06E+12,TJYVZ5542Y,Janie Marshall Cooke
Shelia,Royce,Conrad,shelia.conrad@ibm.com,8-15-1974,2.98E+12,HNGFD4919U,Shelia Royce Conrad
Aida,Margarito,Banks,aida.banks@yahoo.com,11-29-1991,8.78E+12,USODX4686N,Aida Margarito Banks
Lora,Dwight,Wheeler,lora.wheeler@gmail.com,09-01-1977,6.06E+12,PNYQX5747C,Lora Dwight Wheeler
Fritz,Mathew,Gross,fritz.gross@ibm.com,03-12-1977,8.53E+12,DYRAG2580E,Fritz Mathew Gross
Natalie,Wilmer,Ellison,natalie.ellison@bp.com,07-06-1972,1.70E+12,BHXIH0133S,Natalie Wilmer Ellison
Eliseo,Romeo,Berry,eliseo.berry@apple.com,2-28-1985,6.00E+12,JVALH6343M,Eliseo Romeo Berry
Philip,Theodore,Mcbride,philip.mcbride@outlook.com,11-25-1987,6.10E+12,YQEYE5482O,Philip Theodore Mcbride
Kay,Sung,Travis,kay.travis@yahoo.co.in,8-14-1967,3.43E+12,RYMUA7038C,Kay Sung Travis
Liliana,Josef,Donovan,liliana.donovan@hotmail.com,9-18-1984,7.31E+12,GDEKZ7481N,Liliana Josef Donovan
Elise,Numbers,Kidd,elise.kidd@hotmail.com,2-24-1967,6.31E+12,FIZQC7200X,Elise Numbers Kidd
Tabitha,Emanuel,Baird,tabitha.baird@cox.net,05-03-1961,8.16E+12,GMZVA5915H,Tabitha Emanuel Baird
Barney,Clifton,Guerrero,barney.guerrero@gmail.com,01-02-1974,5.06E+12,PJMJD5118I,Barney Clifton Guerrero
Myrtle,Kevin,Riggs,myrtle.riggs@shaw.ca,10-10-1990,8.99E+12,YUXIN5212P,Myrtle Kevin Riggs
Frederick,Bud,Mckay,frederick.mckay@gmail.com,08-09-1987,8.08E+12,GLUGW0163W,Frederick Bud Mckay
Debora,Jordan,Hinton,debora.hinton@hotmail.com,10-01-1994,7.35E+12,YTDDX6341Q,Debora Jordan Hinton
Merlin,Thanh,Meyers,merlin.meyers@gmail.com,11-14-1970,7.51E+12,WOZNT7923E,Merlin Thanh Meyers
Celia,Ramiro,Huffman,celia.huffman@rediffmail.com,3-13-1995,3.37E+12,IIGVU5457Z,Celia Ramiro Huffman
Tina,Marvin,Cabrera,tina.cabrera@gmail.com,03-12-1970,3.62E+12,ANTTA8716T,Tina Marvin Cabrera
Kelsey,Leslie,Brown,kelsey.brown@gmail.com,10-09-1985,4.38E+12,DJLYC5572G,Kelsey Leslie Brown
Danny,Freeman,Shaw,danny.shaw@gmail.com,4-27-1972,4.93E+12,USOKQ1314Z,Danny Freeman Shaw
Dena,Bob,Gomez,dena.gomez@aol.com,12-30-1968,3.97E+12,WUNWN4967C,Dena Bob Gomez
Edmund,Bryce,Blankenship,edmund.blankenship@yahoo.com,11-11-1965,7.72E+12,IWGCZ9362L,Edmund Bryce Blankenship
Hershel,Thad,Cain,hershel.cain@walmart.com,03-08-1964,7.01E+12,SOREF1985P,Hershel Thad Cain
Lawanda,Rob,Whitehead,lawanda.whitehead@earthlink.net,7-29-1973,8.20E+12,KQYJX3504I,Lawanda Rob Whitehead
Sophia,Tommie,Gregory,sophia.gregory@sbcglobal.net,02-11-1986,7.84E+12,RXZUP4675L,Sophia Tommie Gregory
Lauren,Jayson,Mcgee,lauren.mcgee@gmail.com,06-12-1977,5.10E+12,DTIHR7380Z,Lauren Jayson Mcgee
Guy,Nolan,Rutledge,guy.rutledge@hotmail.com,6-28-1994,7.90E+12,HKMGB2963V,Guy Nolan Rutledge
Kurt,Wilfredo,Oconnor,kurt.oconnor@hotmail.co.uk,6-20-1970,6.12E+12,LTWET1910U,Kurt Wilfredo Oconnor
Mallory,Matt,Pearson,mallory.pearson@aol.com,1-22-1970,8.77E+12,KVONY5324L,Mallory Matt Pearson
Louisa,Adrian,Nelson,louisa.nelson@aol.com,2-28-1979,2.24E+12,IFNDB2741R,Louisa Adrian Nelson
Diego,Cecil,Huffman,diego.huffman@hotmail.com,07-10-1961,3.77E+12,OPURI0826V,Diego Cecil Huffman
Louisa,Gino,Ellison,louisa.ellison@yahoo.co.uk,12-05-1978,2.45E+12,IFSEI2988A,Louisa Gino Ellison
Josue,Mitchel,Cross,josue.cross@shell.com,3-31-1986,9.38E+12,DFPKU7342R,Josue Mitchel Cross
Ines,Nathaniel,Dominguez,ines.dominguez@sbcglobal.net,1-20-1975,7.91E+12,PAYKM6654Z,Ines Nathaniel Dominguez
Lance,Pat,Garza,lance.garza@verizon.net,9-22-1979,4.07E+12,XKMHW8556S,Lance Pat Garza
Belinda,Landon,Pace,belinda.pace@yahoo.com,07-07-1976,2.99E+12,SQXJR5830R,Belinda Landon Pace
Gracie,Reynaldo,Herring,gracie.herring@shaw.ca,8-20-1988,3.94E+12,RAKYH6374T,Gracie Reynaldo Herring
Benito,Vance,Knapp,benito.knapp@aol.com,7-15-1979,1.05E+12,AVXDL8620W,Benito Vance Knapp
Lucinda,Joseph,Mcgowan,lucinda.mcgowan@gmail.com,11-15-1983,2.34E+12,YNLQZ2342L,Lucinda Joseph Mcgowan
Jami,Antonio,Golden,jami.golden@gmail.com,11-21-1960,8.84E+12,UGHEM8859X,Jami Antonio Golden
David,Monte,Gutierrez,david.gutierrez@gmail.com,2-19-1995,8.81E+12,VXZQG0661B,David Monte Gutierrez
Clement,Alfonzo,Myers,clement.myers@earthlink.net,11-26-1958,6.86E+12,NZYVL9176Z,Clement Alfonzo Myers
Shane,Shelby,Porter,shane.porter@hotmail.co.uk,06-07-1982,7.71E+12,UJHBL8838A,Shane Shelby Porter
Clint,Delbert,Gross,clint.gross@microsoft.com,4-20-1969,5.88E+12,GBHXE9274N,Clint Delbert Gross
Ofelia,Harold,Pickett,ofelia.pickett@hotmail.com,2-27-1990,8.99E+12,NEFPW7469V,Ofelia Harold Pickett
Karina,Roosevelt,Green,karina.green@yahoo.ca,10-03-1967,3.97E+12,MBVMK3902L,Karina Roosevelt Green
Sam,Dudley,Burris,sam.burris@cox.net,2-16-1960,8.38E+12,XQTXV7822L,Sam Dudley Burris
Lina,Claudio,Shannon,lina.shannon@bp.com,2-17-1981,3.69E+12,WBWAR2698L,Lina Claudio Shannon
Myles,Van,Coleman,myles.coleman@gmail.com,02-03-1983,3.84E+12,GJXUW3445A,Myles Van Coleman
Clay,Benjamin,Freeman,clay.freeman@gmail.com,08-09-1973,7.76E+12,YWYYA0927T,Clay Benjamin Freeman
Catalina,Alexis,Guthrie,catalina.guthrie@aol.com,5-13-1975,9.31E+12,IGEYS4086P,Catalina Alexis Guthrie
Nannie,Dino,Moon,nannie.moon@gmail.com,5-19-1976,4.31E+12,DBUVA5631H,Nannie Dino Moon
Donovan,Millard,Serrano,donovan.serrano@btinternet.com,10-16-1988,7.91E+12,QEYSH2331X,Donovan Millard Serrano
Sondra,Byron,Reyes,sondra.reyes@yahoo.co.uk,4-18-1993,6.53E+12,PXGCS8532R,Sondra Byron Reyes
Terrance,Phillip,Duke,terrance.duke@microsoft.com,11-02-1984,4.19E+12,YKTKO3141J,Terrance Phillip Duke
Colleen,Abraham,Rodriguez,colleen.rodriguez@cox.net,2-13-1994,6.48E+12,URJKB8873O,Colleen Abraham Rodriguez
Thad,Buddy,Luna,thad.luna@gmail.com,2-22-1969,9.35E+12,XAEHZ5856C,Thad Buddy Luna
Terence,Darrel,Clay,terence.clay@outlook.com,7-24-1995,2.09E+12,QXCAO6942I,Terence Darrel Clay
Bettie,Shirley,Holman,bettie.holman@hotmail.co.uk,12-24-1979,7.15E+12,SERSY4792N,Bettie Shirley Holman
Boyd,Sammie,Greer,boyd.greer@yahoo.co.in,1-30-1996,6.29E+12,YENXG2368H,Boyd Sammie Greer
Corey,Jed,Edwards,corey.edwards@gmail.com,6-19-1969,2.78E+12,ATYWI2413X,Corey Jed Edwards
Violet,Albert,Lindsay,violet.lindsay@charter.net,6-25-1959,1.48E+12,XRROX5743J,Violet Albert Lindsay
Camille,Giovanni,Mullins,camille.mullins@yahoo.com,06-03-1967,3.68E+12,XOEKS8932I,Camille Giovanni Mullins
Nicole,Bud,Rodriquez,nicole.rodriquez@gmail.com,02-01-1964,4.33E+12,OUTHH5868K,Nicole Bud Rodriquez
Joan,Monte,Bauer,joan.bauer@yahoo.com,1-28-1982,9.75E+12,FXUQJ4640H,Joan Monte Bauer
Kennith,Ezra,Marquez,kennith.marquez@aol.com,12-09-1971,6.28E+12,NHIEB5126Z,Kennith Ezra Marquez
Mae,Gonzalo,Hurst,mae.hurst@gmail.com,07-08-1988,5.20E+12,CFTUO4433C,Mae Gonzalo Hurst
Denver,Tracy,Mann,denver.mann@exxonmobil.com,07-08-1958,9.17E+12,DCFMW6332Z,Denver Tracy Mann
Milford,Antonio,Dickerson,milford.dickerson@gmail.com,10-26-1965,4.22E+12,JLGSJ2349H,Milford Antonio Dickerson
Marva,Abraham,Phelps,marva.phelps@hotmail.com,04-03-1974,7.90E+12,YQSBH2219P,Marva Abraham Phelps
Betsy,Tristan,Dillon,betsy.dillon@msn.com,12-04-1982,3.73E+12,SCWWA3499V,Betsy Tristan Dillon
Celeste,Clay,Ramirez,celeste.ramirez@aol.com,11-30-1981,1.61E+12,QNRCC8991Y,Celeste Clay Ramirez
Tonya,Terrance,Burke,tonya.burke@aol.com,6-13-1982,1.41E+12,OFOFB4520H,Tonya Terrance Burke
Deana,Bart,Spencer,deana.spencer@hotmail.com,7-30-1976,4.57E+12,HLJQU5754D,Deana Bart Spencer
Susanne,Bud,Joseph,susanne.joseph@gmail.com,12-25-1963,8.53E+12,YEVKR9033R,Susanne Bud Joseph
Cole,Emil,Spencer,cole.spencer@yahoo.com,6-17-1959,8.38E+12,ZXTRV9232C,Cole Emil Spencer
Marlon,Lee,Whitaker,marlon.whitaker@aol.com,04-10-1982,1.11E+12,DSXGX4010T,Marlon Lee Whitaker
Trudy,Stephen,Frazier,trudy.frazier@rediffmail.com,06-05-1960,9.61E+12,ZCOUQ7111N,Trudy Stephen Frazier
Tania,Zane,May,tania.may@hotmail.com,04-03-1960,9.56E+12,SYTGW3326F,Tania Zane May
Leonel,Clayton,Guerrero,leonel.guerrero@exxonmobil.com,05-05-1992,9.51E+12,NAEYD1165L,Leonel Clayton Guerrero
Nadia,Devin,Stokes,nadia.stokes@gmail.com,7-20-1979,9.61E+12,CAVPJ0164D,Nadia Devin Stokes
Cody,Bud,Dillard,cody.dillard@gmail.com,2-21-1976,9.72E+12,RJRQQ7396G,Cody Bud Dillard
Megan,Fidel,Fry,megan.fry@gmail.com,1-19-1996,4.17E+12,OLBRO9369N,Megan Fidel Fry
Darla,Clayton,Durham,darla.durham@microsoft.com,6-26-1987,9.64E+12,RJOYC4918F,Darla Clayton Durham
Cecile,Chase,Ross,cecile.ross@bp.com,01-04-1994,2.38E+12,DDPRS5505F,Cecile Chase Ross
Helene,Bernie,Franco,helene.franco@shell.com,6-25-1967,5.09E+12,OKPKG5215N,Helene Bernie Franco
Vernon,Scott,Buchanan,vernon.buchanan@gmail.com,12-17-1993,9.78E+12,RYLSD9744F,Vernon Scott Buchanan
Marva,Lazaro,Santiago,marva.santiago@gmail.com,10-27-1988,4.61E+12,LGHFJ4127S,Marva Lazaro Santiago
Yvette,Jefferson,Bentley,yvette.bentley@hotmail.com,5-30-1992,1.79E+12,UZRXN8648T,Yvette Jefferson Bentley
Derick,Mervin,Daugherty,derick.daugherty@hotmail.com,12-31-1985,4.25E+12,LPUJJ1141K,Derick Mervin Daugherty
Fay,Cornelius,Villarreal,fay.villarreal@yahoo.com,04-04-1989,4.64E+12,FFFSN0569Z,Fay Cornelius Villarreal
Deanna,Josh,Wilkins,deanna.wilkins@ibm.com,12-18-1962,7.59E+12,OKJZG5373H,Deanna Josh Wilkins
Augusta,Lazaro,Andrews,augusta.andrews@gmail.com,12-16-1985,6.14E+12,FFASY8495X,Augusta Lazaro Andrews
Erna,Laurence,Tran,erna.tran@gmail.com,09-07-1976,3.42E+12,JONLS6028W,Erna Laurence Tran
Luther,Andres,Short,luther.short@gmail.com,6-13-1993,7.74E+12,IHFLC3722Q,Luther Andres Short
Curtis,Hubert,Williamson,curtis.williamson@hotmail.com,7-21-1974,4.53E+12,BCASI1581I,Curtis Hubert Williamson
Yvette,Hal,Rivers,yvette.rivers@ibm.com,11-09-1971,9.81E+12,KMNJV0663W,Yvette Hal Rivers
Walter,Frank,Velez,walter.velez@gmail.com,4-21-1992,3.59E+12,GDFZJ9907U,Walter Frank Velez
Christa,Carol,Wilkins,christa.wilkins@verizon.net,10-25-1974,6.73E+12,CQDJV2289P,Christa Carol Wilkins
Milton,Cameron,Neal,milton.neal@gmail.com,12-04-1971,1.17E+12,IAIQN8803Y,Milton Cameron Neal
Kimberly,Nigel,Harmon,kimberly.harmon@gmail.com,10-06-1991,9.73E+12,DJEAO1391F,Kimberly Nigel Harmon
Lemuel,Frederic,Houston,lemuel.houston@charter.net,1-22-1979,7.14E+12,ZZYYA9588T,Lemuel Frederic Houston
Marcie,Arthur,Weiss,marcie.weiss@yahoo.com,10-22-1994,8.92E+12,FVWIE3274Y,Marcie Arthur Weiss
Bart,Henry,Whitaker,bart.whitaker@hotmail.com,6-23-1962,8.15E+12,APVSQ6130D,Bart Henry Whitaker
Patrice,Yong,Koch,patrice.koch@shaw.ca,5-19-1995,8.49E+12,WTEBP6361R,Patrice Yong Koch
Xavier,Anibal,Mcintosh,xavier.mcintosh@gmail.com,12-10-1990,7.64E+12,UNXCU7485R,Xavier Anibal Mcintosh
Lidia,Tommie,Rojas,lidia.rojas@yahoo.com,09-06-1993,8.41E+12,EXMQT8182F,Lidia Tommie Rojas
Essie,Travis,Bridges,essie.bridges@yahoo.co.uk,3-13-1993,6.94E+12,PMKWZ0237G,Essie Travis Bridges
Sondra,Rob,Stephens,sondra.stephens@msn.com,11-11-1976,9.86E+12,KNMJX1752W,Sondra Rob Stephens
Monte,Jarrod,Contreras,monte.contreras@gmail.com,5-14-1975,8.12E+12,DJKMT8302K,Monte Jarrod Contreras
Ernesto,Duane,Moreno,ernesto.moreno@hotmail.com,11-27-1965,5.73E+12,APLBC0180Q,Ernesto Duane Moreno
Ismael,Brant,Ellis,ismael.ellis@charter.net,04-10-1975,6.94E+12,YRAGU1359N,Ismael Brant Ellis
Elijah,Scott,Hopkins,elijah.hopkins@aol.com,4-26-1994,5.19E+12,FZYSH1990J,Elijah Scott Hopkins
Leigh,Chi,Mccall,leigh.mccall@gmail.com,7-18-1987,4.31E+12,NGDKC7816P,Leigh Chi Mccall
Genaro,Edgar,Stafford,genaro.stafford@yahoo.com,8-17-1979,2.46E+12,QUOZG6297G,Genaro Edgar Stafford
Lucy,Rickey,Hinton,lucy.hinton@yahoo.com,5-24-1976,1.01E+12,DNRTV2942R,Lucy Rickey Hinton
Bernadette,Austin,Glass,bernadette.glass@hotmail.com,5-24-1994,7.87E+12,XIXHW3576C,Bernadette Austin Glass
Lee,Dudley,Peck,lee.peck@gmail.com,02-10-1976,3.10E+12,YKVUZ0552M,Lee Dudley Peck
Damian,Julian,Ellison,damian.ellison@gmail.com,4-26-1962,1.70E+12,DJSMD8653G,Damian Julian Ellison
Dusty,John,Hendricks,dusty.hendricks@gmail.com,06-04-1967,5.74E+12,FPRAY1726G,Dusty John Hendricks
Katina,Stan,Wynn,katina.wynn@gmail.com,9-13-1987,9.12E+12,XIUSZ1096Q,Katina Stan Wynn
Clair,Kevin,Morris,clair.morris@gmail.com,07-07-1958,4.16E+12,ARXSA3829T,Clair Kevin Morris
Ernesto,Wallace,Short,ernesto.short@hotmail.com,02-03-1993,5.15E+12,ULFRB6903R,Ernesto Wallace Short
Frankie,Tommie,Wiggins,frankie.wiggins@gmail.com,10-24-1958,3.03E+12,HTTCQ5441G,Frankie Tommie Wiggins
Angelique,Armando,Guy,angelique.guy@hotmail.com,4-23-1990,6.98E+12,NJNWA7923K,Angelique Armando Guy
Marcelino,Bruce,Tanner,marcelino.tanner@gmail.com,7-25-1962,8.74E+12,QSFOH2512V,Marcelino Bruce Tanner
Tony,Brendan,Weiss,tony.weiss@aol.com,5-29-1971,1.13E+12,ZTWTK7947C,Tony Brendan Weiss
Lenard,Kenneth,Cardenas,lenard.cardenas@yahoo.co.uk,02-06-1981,1.89E+12,WCSQN9587C,Lenard Kenneth Cardenas
Aurora,Alva,Gray,aurora.gray@gmail.com,4-29-1965,3.36E+12,FUJGZ9461E,Aurora Alva Gray
Manuela,Reyes,Koch,manuela.koch@aol.com,12-13-1967,7.91E+12,HNEIE7145D,Manuela Reyes Koch
Jean,Jonathon,Mclean,jean.mclean@walmart.com,05-04-1987,4.59E+12,UCTDE1514A,Jean Jonathon Mclean
Barbra,Ira,Sutton,barbra.sutton@ibm.com,07-01-1987,5.79E+12,SQKUX1924I,Barbra Ira Sutton
Deann,Nathaniel,Mccormick,deann.mccormick@yahoo.co.uk,04-12-1959,7.14E+12,YIKVD3164O,Deann Nathaniel Mccormick
Reba,Sammy,Browning,reba.browning@hotmail.com,9-19-1964,2.27E+12,LJUBX2299A,Reba Sammy Browning
Rickie,Sammy,Alston,rickie.alston@gmail.com,4-13-1990,2.93E+12,MQOBX4815K,Rickie Sammy Alston
Lyman,Myles,Reeves,lyman.reeves@yahoo.com,04-10-1990,9.67E+12,TPLMY7084P,Lyman Myles Reeves
Deon,Daryl,Quinn,deon.quinn@gmail.com,9-19-1965,8.46E+12,FYKJB2323I,Deon Daryl Quinn
Israel,Salvador,Mccarthy,israel.mccarthy@outlook.com,10-05-1972,2.01E+12,XCYKZ5379H,Israel Salvador Mccarthy
Moises,Lynn,Berger,moises.berger@shell.com,05-06-1964,9.56E+12,SPBIT8175W,Moises Lynn Berger
Jerri,Dudley,Douglas,jerri.douglas@yahoo.com,05-03-1963,3.67E+12,BXMUM8432Y,Jerri Dudley Douglas
Bradley,Brooks,Nieves,bradley.nieves@gmail.com,09-02-1983,7.07E+12,VGZWZ8115J,Bradley Brooks Nieves
Romeo,Emory,Foster,romeo.foster@shell.com,05-05-1983,8.13E+12,IBUAL3136B,Romeo Emory Foster
Leopoldo,Tommie,Mcgee,leopoldo.mcgee@gmail.com,10-25-1986,8.41E+12,WPXUB3558M,Leopoldo Tommie Mcgee
Andrea,Lemuel,Crawford,andrea.crawford@exxonmobil.com,8-23-1978,4.49E+12,OPEPR4934V,Andrea Lemuel Crawford
Charley,Clinton,Daniel,charley.daniel@yahoo.com,03-08-1959,1.69E+12,FHBBR4966F,Charley Clinton Daniel
Carolyn,Roosevelt,Butler,carolyn.butler@yahoo.com,08-02-1978,3.87E+12,UFYGV2410X,Carolyn Roosevelt Butler
Gracie,Freddy,Stanley,gracie.stanley@gmail.com,10-24-1974,4.18E+12,OVFCB7576G,Gracie Freddy Stanley
Jerrold,Stacey,Sweet,jerrold.sweet@gmail.com,11-01-1991,8.73E+12,ZOJIX4117B,Jerrold Stacey Sweet
Joshua,Jaime,Small,joshua.small@gmail.com,9-17-1960,1.13E+12,KTIFQ4636P,Joshua Jaime Small
Kristy,Alphonse,Jordan,kristy.jordan@hotmail.com,12-15-1989,6.00E+12,RJZOH7979U,Kristy Alphonse Jordan
Spencer,Rufus,Williams,spencer.williams@hotmail.com,08-09-1977,9.36E+12,EDBHU9913G,Spencer Rufus Williams
Ashley,Rubin,Ochoa,ashley.ochoa@shell.com,8-24-1978,3.73E+12,JQUTR8242L,Ashley Rubin Ochoa
Rocco,Clarence,Wall,rocco.wall@gmail.com,10-02-1964,7.14E+12,DVDMZ7167C,Rocco Clarence Wall
Sonny,Morris,Carey,sonny.carey@gmail.com,10-27-1961,3.45E+12,YUYRS1714A,Sonny Morris Carey
Erich,Ignacio,Goodman,erich.goodman@gmail.com,04-03-1962,4.50E+12,BOJYC5712K,Erich Ignacio Goodman
Mack,Andre,Massey,mack.massey@shaw.ca,5-15-1993,3.72E+12,SUTEH9674V,Mack Andre Massey
Vicky,Thaddeus,Burgess,vicky.burgess@hotmail.com,04-06-1992,2.00E+12,YHBLM6102M,Vicky Thaddeus Burgess
Willa,Dante,Hensley,willa.hensley@gmail.com,11-01-1965,6.27E+12,AREPO8270H,Willa Dante Hensley
Reva,Daren,Morales,reva.morales@yahoo.com,12-27-1988,3.55E+12,MYROI1793D,Reva Daren Morales
Ina,Walker,Cummings,ina.cummings@gmail.com,6-22-1993,3.28E+12,YKZKX1257S,Ina Walker Cummings
Kristi,Delmer,Monroe,kristi.monroe@gmail.com,3-26-1972,8.14E+12,SOJCI1097N,Kristi Delmer Monroe
Danial,Jerold,Carpenter,danial.carpenter@msn.com,7-26-1986,6.41E+12,CFIDI7353V,Danial Jerold Carpenter
Benita,Jesse,Duncan,benita.duncan@gmail.com,11-17-1957,3.83E+12,DXSJO7553J,Benita Jesse Duncan
Dwayne,Carmine,Kim,dwayne.kim@ibm.com,01-04-1976,8.35E+12,ZMXZB8389B,Dwayne Carmine Kim
Lorrie,Simon,Rocha,lorrie.rocha@aol.com,1-16-1995,7.21E+12,AGIMI3416M,Lorrie Simon Rocha
Juliana,Marcus,Hines,juliana.hines@gmail.com,12-15-1979,7.36E+12,FRREH8741B,Juliana Marcus Hines
Mac,Bradford,Mcleod,mac.mcleod@gmail.com,02-05-1979,7.99E+12,IUOAO0656R,Mac Bradford Mcleod
Bryce,Kurtis,Bonner,bryce.bonner@gmail.com,2-13-1958,6.87E+12,JZNPN2988U,Bryce Kurtis Bonner
Guadalupe,Elmer,Holcomb,guadalupe.holcomb@hotmail.com,2-27-1981,7.33E+12,AQWAZ6281J,Guadalupe Elmer Holcomb
Jacob,Carson,Cherry,jacob.cherry@yahoo.co.in,10-04-1970,9.33E+12,BXLRG2717A,Jacob Carson Cherry
Jeanette,Brain,Rivera,jeanette.rivera@aol.com,09-03-1963,7.21E+12,XKIJE4894K,Jeanette Brain Rivera
Jefferson,Weldon,Holt,jefferson.holt@yahoo.ca,7-17-1996,5.78E+12,NTAIT0987L,Jefferson Weldon Holt
Dillon,Leroy,Dunn,dillon.dunn@yahoo.ca,6-18-1973,5.76E+12,TVDRF7224V,Dillon Leroy Dunn
Bertie,Hugh,Slater,bertie.slater@gmail.com,02-03-1994,3.74E+12,QZJPJ1761L,Bertie Hugh Slater
Hannah,Ruben,Cooper,hannah.cooper@shaw.ca,10-04-1993,5.57E+12,YTBEW3981Y,Hannah Ruben Cooper
Jon,Vincent,Mcneil,jon.mcneil@hotmail.com,3-22-1973,3.16E+12,VBAED9895F,Jon Vincent Mcneil
Caitlin,Kareem,Mann,caitlin.mann@hotmail.com,11-05-1961,9.91E+12,GOOTZ5391L,Caitlin Kareem Mann
Doris,Kim,Giles,doris.giles@aol.com,01-03-1959,1.75E+12,QUEUV9021X,Doris Kim Giles
Barbra,Vince,Hobbs,barbra.hobbs@outlook.com,05-09-1991,5.30E+12,FTZME1568P,Barbra Vince Hobbs
Hung,Rusty,Witt,hung.witt@apple.com,08-06-1965,2.73E+12,KYHZW2770M,Hung Rusty Witt
Adele,Genaro,Scott,adele.scott@yahoo.com,8-29-1980,1.16E+12,KRNYB1687D,Adele Genaro Scott
Stella,Thad,Guy,stella.guy@btinternet.com,10-13-1979,5.47E+12,AHTUU3399D,Stella Thad Guy
Clement,Scott,Lancaster,clement.lancaster@charter.net,8-13-1971,2.36E+12,ECKLB0820C,Clement Scott Lancaster
Rosetta,Neal,Decker,rosetta.decker@bp.com,04-03-1993,5.23E+12,ZXIMU3228K,Rosetta Neal Decker
Caleb,Eddie,Poole,caleb.poole@hotmail.com,4-19-1972,4.76E+12,UECZD5797J,Caleb Eddie Poole
Dudley,Erin,Elliott,dudley.elliott@yahoo.com,09-08-1966,9.54E+12,YHNWW9163W,Dudley Erin Elliott
Barbara,Eugene,Palmer,barbara.palmer@yahoo.com,06-07-1984,9.26E+12,XIOWF8657S,Barbara Eugene Palmer
Alana,Chad,Henderson,alana.henderson@gmail.com,6-15-1959,9.93E+12,VQSHF3185E,Alana Chad Henderson
Hazel,Arnold,Case,hazel.case@aol.com,08-03-1962,7.30E+12,BPWCD9234K,Hazel Arnold Case
Erich,Edward,Lyons,erich.lyons@gmail.com,3-31-1996,7.73E+12,VSVDA4186B,Erich Edward Lyons
Elise,Abdul,Zimmerman,elise.zimmerman@gmail.com,12-26-1977,2.01E+12,PLFLM4238S,Elise Abdul Zimmerman
Mauro,Jamie,Fernandez,mauro.fernandez@gmail.com,06-09-1982,6.96E+12,WQZHE9788A,Mauro Jamie Fernandez
Luisa,Bradly,Mcintyre,luisa.mcintyre@outlook.com,05-06-1963,9.60E+12,ISNXL6005E,Luisa Bradly Mcintyre
Duane,Jeffrey,Lowery,duane.lowery@aol.com,12-12-1979,6.86E+12,OEKXY1678S,Duane Jeffrey Lowery
Weldon,Greg,Hyde,weldon.hyde@gmail.com,2-18-1974,2.63E+12,LBGSH5681W,Weldon Greg Hyde
Ilene,Alvin,Head,ilene.head@apple.com,03-06-1986,5.25E+12,RUWUT3124R,Ilene Alvin Head
Phil,Alphonse,Montgomery,phil.montgomery@btinternet.com,11-13-1991,1.76E+12,QZUQM1559U,Phil Alphonse Montgomery
Jonas,Gus,Underwood,jonas.underwood@exxonmobil.com,7-13-1995,3.19E+12,EXHCF7357J,Jonas Gus Underwood
Benita,Kennith,Mcgee,benita.mcgee@hotmail.com,12-30-1970,2.14E+12,MJVVN6536M,Benita Kennith Mcgee
Rochelle,Houston,Guerrero,rochelle.guerrero@gmail.com,09-10-1992,4.61E+12,LCJIH5182W,Rochelle Houston Guerrero
Terra,Denis,Webb,terra.webb@gmail.com,07-01-1973,9.22E+12,ESHSU9274Q,Terra Denis Webb
Buford,Diego,Zimmerman,buford.zimmerman@yahoo.ca,09-04-1994,6.70E+12,RJFKH5592S,Buford Diego Zimmerman
Emanuel,Myron,Nichols,emanuel.nichols@hotmail.co.uk,06-05-1962,7.17E+12,ECPTO1516H,Emanuel Myron Nichols
Cheryl,Rusty,French,cheryl.french@aol.com,8-20-1985,7.79E+12,PFJVZ2724R,Cheryl Rusty French
Theodore,Refugio,Dale,theodore.dale@exxonmobil.com,12-17-1994,3.10E+12,PNXPE9088M,Theodore Refugio Dale
Ginger,Jarrett,Palmer,ginger.palmer@btinternet.com,5-23-1978,8.22E+12,DOFPG6338B,Ginger Jarrett Palmer
Lilian,Sung,Stein,lilian.stein@aol.com,6-23-1996,2.58E+12,UKWYL8140P,Lilian Sung Stein
Gilbert,Scotty,Luna,gilbert.luna@microsoft.com,10-01-1968,1.00E+13,DNPCC6131C,Gilbert Scotty Luna
Waldo,Hunter,Wright,waldo.wright@bp.com,1-26-1973,3.60E+12,OMOUV6423D,Waldo Hunter Wright
Tommie,Angel,Cunningham,tommie.cunningham@btinternet.com,07-12-1977,8.84E+12,XEZIT1489N,Tommie Angel Cunningham
George,Merrill,Potts,george.potts@msn.com,1-13-1961,4.86E+12,CECKZ9034L,George Merrill Potts
Graham,Pasquale,Hutchinson,graham.hutchinson@microsoft.com,5-18-1985,1.59E+12,ZIATB8664H,Graham Pasquale Hutchinson
Ophelia,Rick,Pena,ophelia.pena@gmail.com,01-11-1986,1.53E+12,HJDRL9598Q,Ophelia Rick Pena
Lon,Abel,Harper,lon.harper@aol.com,4-24-1994,3.32E+12,MFOEP2304F,Lon Abel Harper
Irvin,Carlo,Witt,irvin.witt@gmail.com,1-25-1993,6.47E+12,FIHAZ1488F,Irvin Carlo Witt
Sheri,Jody,Spears,sheri.spears@yahoo.com,01-07-1982,3.35E+12,PMACU0465H,Sheri Jody Spears
Alberta,Efrain,Page,alberta.page@hotmail.com,02-05-1981,3.77E+12,GGGLG8795U,Alberta Efrain Page
Kerri,Morton,Santos,kerri.santos@yahoo.com,11-10-1982,4.25E+12,CTYZZ4527K,Kerri Morton Santos
Olin,Daryl,Case,olin.case@hotmail.com,06-06-1991,4.00E+12,VOIGY1404D,Olin Daryl Case
Stefan,Reed,Jacobs,stefan.jacobs@cox.net,9-26-1983,6.37E+12,AJMLY2327X,Stefan Reed Jacobs
Cody,Sheldon,Allison,cody.allison@gmail.com,12-23-1988,4.47E+12,RAKXX9703V,Cody Sheldon Allison
Bonnie,Edwardo,Baker,bonnie.baker@bp.com,08-03-1985,3.50E+12,VXNFE2512N,Bonnie Edwardo Baker
Luke,Javier,Turner,luke.turner@charter.net,02-12-1987,3.05E+12,BPNSD2216I,Luke Javier Turner
Eva,Coy,Holman,eva.holman@hotmail.com,9-26-1957,2.94E+12,KQQIC1586Z,Eva Coy Holman
Maritza,Dion,Christian,maritza.christian@microsoft.com,5-19-1987,4.54E+12,TGWMY7878H,Maritza Dion Christian
Phyllis,Jarrod,Dudley,phyllis.dudley@yahoo.co.in,11-02-1957,6.84E+12,TBXNZ1155O,Phyllis Jarrod Dudley
